robot,variant,coupling,train_terrain,eval_terrain,seed,distance,em,drag_pct,transfer
babya,base,blf,flat,flat,1,24.70950848542478,0.9112022790420858,6.023333333333333,False
babya,base,blf,flat,flat,2,25.71652685007643,0.928226172488422,6.69,False
babya,base,blf,flat,flat,3,21.10212351379763,0.944044759163666,17.583333333333332,False
babya,base,blf,flat,flat,4,26.44056243905732,0.9237023410430772,8.503333333333334,False
babya,base,blf,flat,flat,5,28.73817096869645,0.9680099344969528,10.1,False
babya,base,blf,flat,flat,6,21.2605144624498,0.9566580272472338,25.563333333333333,False
babya,base,blf,flat,flat,7,21.85963179314244,0.9541009980013768,36.61,False
babya,base,blf,flat,flat,8,24.35399394212862,0.952591670150719,4.37,False
babya,base,blf,flat,flat,9,15.198915034471275,0.9120280070126956,50.09666666666666,False
babya,base,blf,flat,flat,10,26.803812044105207,0.9649704079622508,9.863333333333332,False
babya,base,blf,flat,rugged,1,1.051120792619738,0.0954999882021262,62.48333333333333,True
babya,base,blf,flat,rugged,2,12.843346837614956,0.5207581868051306,3.49,True
babya,base,blf,flat,rugged,3,4.770448413366287,0.2377873324058451,19.696666666666665,True
babya,base,blf,flat,rugged,4,3.5204599868892625,0.1428911367591399,14.706666666666669,True
babya,base,blf,flat,rugged,5,6.430545607901908,0.2876806467936099,21.81,True
babya,base,blf,flat,rugged,6,9.45337631105862,0.4953070402017119,26.446666666666665,True
babya,base,blf,flat,rugged,7,2.586773706414476,0.1289283340919951,40.31666666666667,True
babya,base,blf,flat,rugged,8,13.290528532109816,0.5849871238288652,5.72,True
babya,base,blf,flat,rugged,9,13.767475447675633,0.9104269066611868,51.75,True
babya,base,blf,flat,rugged,10,8.11779572208996,0.39428903799164,14.38,True
babya,base,blf,rugged,flat,1,19.34376550731027,0.919454561096816,7.193333333333333,True
babya,base,blf,rugged,flat,2,22.53016046882817,0.9565757592746889,30.846666666666668,True
babya,base,blf,rugged,flat,3,16.498312952838674,0.8051516728514678,30.1,True
babya,base,blf,rugged,flat,4,22.06951852223381,0.9594078397686392,15.436666666666667,True
babya,base,blf,rugged,flat,5,15.171535482201872,0.9228535727780116,60.193333333333335,True
babya,base,blf,rugged,flat,6,20.48559658443772,0.9500964545167396,27.636666666666667,True
babya,base,blf,rugged,flat,7,20.395521697608,0.9077054825915676,2.223333333333333,True
babya,base,blf,rugged,flat,8,15.92723380397956,0.8191064770661689,45.42666666666667,True
babya,base,blf,rugged,flat,9,14.336966282719288,0.8263025370213828,26.46,True
babya,base,blf,rugged,flat,10,23.21568756144641,0.9257819113520972,7.533333333333333,True
babya,base,blf,rugged,rugged,1,19.12198304759909,0.8950231275339701,7.1066666666666665,False
babya,base,blf,rugged,rugged,2,21.100271304693724,0.93433267777594,33.06,False
babya,base,blf,rugged,rugged,3,16.987241101695698,0.7937256395271309,29.43,False
babya,base,blf,rugged,rugged,4,18.995978424358515,0.933495552200144,19.346666666666668,False
babya,base,blf,rugged,rugged,5,14.76823696836812,0.9296528379312248,57.45,False
babya,base,blf,rugged,rugged,6,19.1668966348934,0.9299606026791772,32.39666666666667,False
babya,base,blf,rugged,rugged,7,21.446077781537333,0.9099992341416988,3.28,False
babya,base,blf,rugged,rugged,8,16.22161509956041,0.8483782829769113,45.81333333333333,False
babya,base,blf,rugged,rugged,9,14.202476845881906,0.8006513943643079,27.343333333333334,False
babya,base,blf,rugged,rugged,10,21.810852078996444,0.9234350646333024,9.103333333333332,False
babya,phi,uncoupled,flat,flat,1,7.748425291039335,0.5392869032283544,38.55,False
babya,phi,uncoupled,flat,flat,2,14.00554959345652,0.807588228261861,11.886666666666668,False
babya,phi,uncoupled,flat,flat,3,13.261622025970356,0.8176856924241122,1.23,False
babya,phi,uncoupled,flat,flat,4,22.050312073843035,0.8749583103053556,0.2433333333333333,False
babya,phi,uncoupled,flat,flat,5,9.810547761255174,0.6980921377197404,25.46333333333333,False
babya,phi,uncoupled,flat,flat,6,13.478449298397903,0.7399406649568345,15.293333333333331,False
babya,phi,uncoupled,flat,flat,7,7.190406957922788,0.7494449974926978,0.1733333333333333,False
babya,phi,uncoupled,flat,flat,8,8.17306174592679,0.8563741643171598,52.973333333333336,False
babya,phi,uncoupled,flat,flat,9,7.255729126607404,0.7212157520611361,0.19,False
babya,phi,uncoupled,flat,flat,10,14.85751898067205,0.6690077876933341,28.906666666666663,False
babya,phi,uncoupled,flat,rugged,1,7.335917543348451,0.5297432503589891,37.03666666666667,True
babya,phi,uncoupled,flat,rugged,2,11.63661851174968,0.699755584551529,13.913333333333334,True
babya,phi,uncoupled,flat,rugged,3,12.604118849648714,0.7691848072263543,4.663333333333333,True
babya,phi,uncoupled,flat,rugged,4,16.846320508686894,0.7437968593102359,1.5466666666666666,True
babya,phi,uncoupled,flat,rugged,5,7.103126831069969,0.5516008047185951,19.30666666666667,True
babya,phi,uncoupled,flat,rugged,6,3.2117590922423074,0.1813466235815456,16.02,True
babya,phi,uncoupled,flat,rugged,7,3.5824132946988345,0.5072343938436229,0.0,True
babya,phi,uncoupled,flat,rugged,8,3.789557710205585,0.4245162689887468,55.57333333333333,True
babya,phi,uncoupled,flat,rugged,9,4.2766768780312345,0.4633664842391633,0.0,True
babya,phi,uncoupled,flat,rugged,10,4.284390160687335,0.211916385877115,28.15,True
babya,phi,uncoupled,rugged,flat,1,1.4320249684351711,0.2282428909311993,67.74,True
babya,phi,uncoupled,rugged,flat,2,10.790059782801467,0.7979881404166604,9.56,True
babya,phi,uncoupled,rugged,flat,3,9.987677327962796,0.7328448469959936,25.266666666666666,True
babya,phi,uncoupled,rugged,flat,4,10.07320047488476,0.8074511798132299,16.833333333333332,True
babya,phi,uncoupled,rugged,flat,5,13.21340595695684,0.782813701600827,14.153333333333334,True
babya,phi,uncoupled,rugged,flat,6,11.811870398139853,0.699692459153911,1.2866666666666666,True
babya,phi,uncoupled,rugged,flat,7,11.2171970288114,0.6847580711807059,9.756666666666666,True
babya,phi,uncoupled,rugged,flat,8,11.074151992373745,0.8175193593997493,39.14333333333333,True
babya,phi,uncoupled,rugged,flat,9,11.050722402977495,0.7634092617802608,12.35,True
babya,phi,uncoupled,rugged,flat,10,14.808260811400284,0.7853744128140561,6.673333333333333,True
babya,phi,uncoupled,rugged,rugged,1,7.71243267157426,0.5756494531418013,4.256666666666667,False
babya,phi,uncoupled,rugged,rugged,2,11.077646098649224,0.8170773208582861,9.58,False
babya,phi,uncoupled,rugged,rugged,3,10.349574917897026,0.7764207350033357,24.626666666666665,False
babya,phi,uncoupled,rugged,rugged,4,10.425956810314757,0.8279321605081739,17.233333333333334,False
babya,phi,uncoupled,rugged,rugged,5,13.154245056990368,0.7880838902896342,13.626666666666669,False
babya,phi,uncoupled,rugged,rugged,6,15.308729344042035,0.8921611461046028,2.2066666666666666,False
babya,phi,uncoupled,rugged,rugged,7,13.611950251714712,0.8323651308806912,10.413333333333334,False
babya,phi,uncoupled,rugged,rugged,8,10.730834873694151,0.8143789845643465,38.53666666666667,False
babya,phi,uncoupled,rugged,rugged,9,12.219679591892676,0.8234418308933469,14.71,False
babya,phi,uncoupled,rugged,rugged,10,13.500020099523704,0.7362400192885532,7.12,False
ege,base,blf,flat,flat,1,6.644662075404376,0.57403518843269,14.793333333333331,False
ege,base,blf,flat,flat,2,7.571150942422376,0.581897425454718,49.09666666666666,False
ege,base,blf,flat,flat,3,12.59884702975652,0.7152683436306557,30.946666666666665,False
ege,base,blf,flat,flat,4,8.359511920726838,0.6537248151981189,15.616666666666667,False
ege,base,blf,flat,flat,5,7.074444044310265,0.6172555916282835,15.23,False
ege,base,blf,flat,flat,6,14.810954670362332,0.8865501881671038,10.093333333333334,False
ege,base,blf,flat,flat,7,6.847171895336606,0.6064296768877084,23.33333333333333,False
ege,base,blf,flat,flat,8,12.885011640833532,0.7329091632306641,40.41,False
ege,base,blf,flat,flat,9,4.623438871964424,0.6735873156102575,5.726666666666667,False
ege,base,blf,flat,flat,10,10.558222902169286,0.729142294060019,16.55666666666667,False
ege,base,blf,flat,rugged,1,4.710749828784779,0.4467979649975503,16.73,True
ege,base,blf,flat,rugged,2,6.440349956055947,0.5318591573215397,51.78,True
ege,base,blf,flat,rugged,3,2.9859352225587625,0.1891748354956162,23.73,True
ege,base,blf,flat,rugged,4,2.0603109531348216,0.1996935687431113,15.72,True
ege,base,blf,flat,rugged,5,5.816818190631273,0.5469823294310786,16.05,True
ege,base,blf,flat,rugged,6,6.943952956209459,0.5330946663314704,19.406666666666663,True
ege,base,blf,flat,rugged,7,2.325824957970229,0.2923794606574312,40.99333333333333,True
ege,base,blf,flat,rugged,8,6.2113724422109735,0.4476576578507675,41.75,True
ege,base,blf,flat,rugged,9,3.982838245382733,0.6084704156906791,5.973333333333334,True
ege,base,blf,flat,rugged,10,2.7978153152463303,0.2632149952446262,24.166666666666668,True
ege,base,blf,rugged,flat,1,12.041453468063082,0.869687749168123,18.936666666666667,True
ege,base,blf,rugged,flat,2,6.838920786385074,0.5529388397381246,48.33,True
ege,base,blf,rugged,flat,3,6.006467951210451,0.5085491475510916,20.433333333333334,True
ege,base,blf,rugged,flat,4,9.822536930491545,0.5640638601216658,27.42333333333333,True
ege,base,blf,rugged,flat,5,9.458014689587875,0.8206894427820521,6.25,True
ege,base,blf,rugged,flat,6,7.81179425397282,0.8078394905796918,57.693333333333335,True
ege,base,blf,rugged,flat,7,11.2532274955157,0.7627039618588421,43.82333333333333,True
ege,base,blf,rugged,flat,8,8.245700461668054,0.6353141418685994,15.843333333333334,True
ege,base,blf,rugged,flat,9,13.989007880150586,0.841837339150936,36.07666666666667,True
ege,base,blf,rugged,flat,10,6.228822704574379,0.4539566417906396,15.843333333333334,True
ege,base,blf,rugged,rugged,1,11.529778125525288,0.8559529694762209,23.383333333333333,False
ege,base,blf,rugged,rugged,2,7.8558165800656035,0.6284226602344583,45.99,False
ege,base,blf,rugged,rugged,3,6.628221362337788,0.5706798709243842,23.15333333333333,False
ege,base,blf,rugged,rugged,4,10.26987988218256,0.6114088188839613,26.74,False
ege,base,blf,rugged,rugged,5,8.908212638437899,0.7847166977362747,7.96,False
ege,base,blf,rugged,rugged,6,7.957851439709138,0.8138732151726039,59.09666666666666,False
ege,base,blf,rugged,rugged,7,11.74964652025932,0.8165704440413576,44.50666666666667,False
ege,base,blf,rugged,rugged,8,8.519929282711106,0.6641865908191599,16.4,False
ege,base,blf,rugged,rugged,9,13.2310755759054,0.8037422028036174,35.92,False
ege,base,blf,rugged,rugged,10,9.014373270637744,0.6645508434359143,16.253333333333334,False
ege,phi,uncoupled,flat,flat,1,7.514302257544354,0.5853079338865457,50.53,False
ege,phi,uncoupled,flat,flat,2,11.154627928650743,0.7758548834121851,34.68,False
ege,phi,uncoupled,flat,flat,3,11.716953926009234,0.6750701607480837,17.026666666666667,False
ege,phi,uncoupled,flat,flat,4,8.38243851087757,0.6968698450079476,14.426666666666666,False
ege,phi,uncoupled,flat,flat,5,9.773999638243804,0.6534547918431552,15.886666666666668,False
ege,phi,uncoupled,flat,flat,6,8.95323813244323,0.6764904389877479,10.966666666666669,False
ege,phi,uncoupled,flat,flat,7,6.886808140488945,0.5378078071272749,37.49,False
ege,phi,uncoupled,flat,flat,8,9.424847544818595,0.6299720634429085,53.93333333333333,False
ege,phi,uncoupled,flat,flat,9,6.400263882368834,0.5240054313370378,56.263333333333335,False
ege,phi,uncoupled,flat,flat,10,7.361022237016909,0.5446678496624497,33.73,False
ege,phi,uncoupled,flat,rugged,1,6.005278362959603,0.5186668416142821,49.38666666666666,True
ege,phi,uncoupled,flat,rugged,2,0.1090498062976367,0.0090094522079851,37.876666666666665,True
ege,phi,uncoupled,flat,rugged,3,8.58166800546292,0.567870005430881,23.04,True
ege,phi,uncoupled,flat,rugged,4,6.045377345387541,0.6137460583524245,19.076666666666668,True
ege,phi,uncoupled,flat,rugged,5,8.198339951529704,0.6044564620715538,18.08,True
ege,phi,uncoupled,flat,rugged,6,5.3826491380895645,0.5086000333905301,15.69,True
ege,phi,uncoupled,flat,rugged,7,5.048928859954105,0.4273534930229929,39.21666666666667,True
ege,phi,uncoupled,flat,rugged,8,0.3312466945054164,0.0309498357069032,64.29333333333334,True
ege,phi,uncoupled,flat,rugged,9,5.718387481493116,0.4944934713589283,57.223333333333336,True
ege,phi,uncoupled,flat,rugged,10,2.815668870438276,0.2313892021523626,36.93,True
ege,phi,uncoupled,rugged,flat,1,7.840363884119158,0.5677772147636727,25.03,True
ege,phi,uncoupled,rugged,flat,2,2.4204468129371843,0.1684555871390422,28.19333333333333,True
ege,phi,uncoupled,rugged,flat,3,8.29107132795923,0.6447345902068845,26.46,True
ege,phi,uncoupled,rugged,flat,4,6.257029905702458,0.4871819371899956,44.99,True
ege,phi,uncoupled,rugged,flat,5,6.363566886096259,0.5146028355519668,18.296666666666667,True
ege,phi,uncoupled,rugged,flat,6,8.0127741025022,0.5378247095280326,19.96333333333333,True
ege,phi,uncoupled,rugged,flat,7,0.3704722847510788,0.0254941928798263,16.716666666666665,True
ege,phi,uncoupled,rugged,flat,8,5.865207634340683,0.5353924340536137,26.776666666666667,True
ege,phi,uncoupled,rugged,flat,9,8.744440154751267,0.6504543854309517,17.26,True
ege,phi,uncoupled,rugged,flat,10,3.977909649865252,0.3593292007641677,28.476666666666667,True
ege,phi,uncoupled,rugged,rugged,1,9.26642737385566,0.6872719556465718,25.57,False
ege,phi,uncoupled,rugged,rugged,2,8.442926632048211,0.5996105283629429,28.51333333333333,False
ege,phi,uncoupled,rugged,rugged,3,8.180562339353324,0.6577989774088323,23.96333333333333,False
ege,phi,uncoupled,rugged,rugged,4,7.337216839906656,0.5238979364043039,40.96666666666667,False
ege,phi,uncoupled,rugged,rugged,5,6.032707211240202,0.5135214793671743,20.45,False
ege,phi,uncoupled,rugged,rugged,6,9.16679180006285,0.6687713932321362,24.466666666666665,False
ege,phi,uncoupled,rugged,rugged,7,6.69246587582902,0.4992875654106363,21.25,False
ege,phi,uncoupled,rugged,rugged,8,5.868349718097037,0.5403779960205023,25.266666666666666,False
ege,phi,uncoupled,rugged,rugged,9,8.296825707693108,0.6517564668272744,20.616666666666667,False
ege,phi,uncoupled,rugged,rugged,10,4.813496448173199,0.4158192182845185,29.523333333333333,False
gecko,base,blf,flat,flat,1,21.97902299141448,0.975017586070439,15.25,False
gecko,base,blf,flat,flat,2,24.41805704100993,0.9623688082183052,5.276666666666666,False
gecko,base,blf,flat,flat,3,13.809732390740736,0.9120404661496142,11.42,False
gecko,base,blf,flat,flat,4,13.263055321815656,0.9553082472947736,5.68,False
gecko,base,blf,flat,flat,5,19.012753463105536,0.9795162074544168,11.47,False
gecko,base,blf,flat,flat,6,21.63883218930971,0.9506143741665553,14.176666666666666,False
gecko,base,blf,flat,flat,7,14.311101744247097,0.9633872063080592,6.14,False
gecko,base,blf,flat,flat,8,14.76840076013861,0.9643117329609598,0.3933333333333333,False
gecko,base,blf,flat,flat,9,20.942747811509875,0.9758507419484036,5.32,False
gecko,base,blf,flat,flat,10,19.41964663626452,0.9671387430800146,5.826666666666667,False
gecko,base,blf,flat,rugged,1,16.90490558207246,0.8982416845165704,19.64333333333333,True
gecko,base,blf,flat,rugged,2,2.438966073380628,0.1189111880583866,9.136666666666668,True
gecko,base,blf,flat,rugged,3,2.858813578841512,0.2078452470686421,12.916666666666666,True
gecko,base,blf,flat,rugged,4,7.604210117605499,0.6360640455315997,9.19,True
gecko,base,blf,flat,rugged,5,14.168868513172209,0.8461458666596139,16.006666666666668,True
gecko,base,blf,flat,rugged,6,6.540051432866429,0.3412849000916863,12.57,True
gecko,base,blf,flat,rugged,7,6.975544963015124,0.5314057986580288,9.156666666666666,True
gecko,base,blf,flat,rugged,8,12.37557699514088,0.9322375613386822,1.106666666666667,True
gecko,base,blf,flat,rugged,9,16.045595811240215,0.891823985475284,3.53,True
gecko,base,blf,flat,rugged,10,14.373637533677687,0.8612168368871138,7.95,True
gecko,base,blf,rugged,flat,1,12.930638572080428,0.8751701787927184,2.8233333333333333,True
gecko,base,blf,rugged,flat,2,14.91341046125106,0.9789449951336376,3.053333333333333,True
gecko,base,blf,rugged,flat,3,20.01259784907365,0.9451364934787916,7.043333333333333,True
gecko,base,blf,rugged,flat,4,19.575416955491164,0.9366849288302084,14.4,True
gecko,base,blf,rugged,flat,5,18.687530181558127,0.940260976347004,7.583333333333333,True
gecko,base,blf,rugged,flat,6,18.443881961892824,0.9549533152512324,10.72,True
gecko,base,blf,rugged,flat,7,18.91517107096242,0.9612005487109284,14.593333333333334,True
gecko,base,blf,rugged,flat,8,3.7925852620794194,0.2414197227329523,3.03,True
gecko,base,blf,rugged,flat,9,10.605943964694433,0.8412772143819588,20.07,True
gecko,base,blf,rugged,flat,10,11.365969443111927,0.9439487846822432,17.746666666666666,True
gecko,base,blf,rugged,rugged,1,13.973161637585797,0.9356268310215508,3.2666666666666666,False
gecko,base,blf,rugged,rugged,2,14.628451774623391,0.9451196066090426,2.07,False
gecko,base,blf,rugged,rugged,3,19.11101082592992,0.9304918023043732,7.526666666666666,False
gecko,base,blf,rugged,rugged,4,19.13835842113888,0.9420881792691972,13.393333333333333,False
gecko,base,blf,rugged,rugged,5,18.401909671263915,0.9370726792545984,8.353333333333333,False
gecko,base,blf,rugged,rugged,6,18.149572109268952,0.9443955375274096,13.123333333333331,False
gecko,base,blf,rugged,rugged,7,18.042128956970952,0.9486862409928144,13.71,False
gecko,base,blf,rugged,rugged,8,15.471802019090918,0.9253811293624268,3.5733333333333333,False
gecko,base,blf,rugged,rugged,9,10.524413043595862,0.868369160079406,20.576666666666668,False
gecko,base,blf,rugged,rugged,10,10.786102453987302,0.9183603601721648,16.786666666666665,False
gecko,phi,uncoupled,flat,flat,1,21.25068545119425,0.9690537372702404,2.303333333333333,False
gecko,phi,uncoupled,flat,flat,2,8.541794765109413,0.7655786276582138,8.013333333333334,False
gecko,phi,uncoupled,flat,flat,3,6.598377553034844,0.6100459375060838,50.04666666666667,False
gecko,phi,uncoupled,flat,flat,4,4.938960635145725,0.5687946641297006,2.2666666666666666,False
gecko,phi,uncoupled,flat,flat,5,12.06850722545023,0.955790025405188,6.683333333333334,False
gecko,phi,uncoupled,flat,flat,6,8.593992906509328,0.7953404273800377,0.7766666666666666,False
gecko,phi,uncoupled,flat,flat,7,13.16516644343494,0.9545224796951076,7.223333333333334,False
gecko,phi,uncoupled,flat,flat,8,12.876271551409165,0.964188320209984,0.7633333333333333,False
gecko,phi,uncoupled,flat,flat,9,6.442345632402246,0.5994014083170217,49.083333333333336,False
gecko,phi,uncoupled,flat,flat,10,12.195066886986988,0.9406590718481946,1.23,False
gecko,phi,uncoupled,flat,rugged,1,13.355676212385584,0.6939209253718508,5.06,True
gecko,phi,uncoupled,flat,rugged,2,7.723733164461151,0.7303227530819962,7.723333333333334,True
gecko,phi,uncoupled,flat,rugged,3,0.9616807432937102,0.1064360837784514,43.943333333333335,True
gecko,phi,uncoupled,flat,rugged,4,0.0775957499087942,0.0108434796823424,3.723333333333333,True
gecko,phi,uncoupled,flat,rugged,5,10.816680082478186,0.9266035303710762,8.873333333333333,True
gecko,phi,uncoupled,flat,rugged,6,7.233793685811281,0.728718756651456,1.9633333333333327,True
gecko,phi,uncoupled,flat,rugged,7,11.331886324912912,0.8907915537243256,11.57,True
gecko,phi,uncoupled,flat,rugged,8,10.235575770769014,0.8631718192492481,3.4633333333333334,True
gecko,phi,uncoupled,flat,rugged,9,0.8447759258419899,0.0931684972018435,44.82,True
gecko,phi,uncoupled,flat,rugged,10,9.497582153984451,0.7612426032450276,2.66,True
gecko,phi,uncoupled,rugged,flat,1,11.633631470385666,0.8566209194892141,1.9,True
gecko,phi,uncoupled,rugged,flat,2,6.645323086231952,0.7374057292954938,20.486666666666668,True
gecko,phi,uncoupled,rugged,flat,3,12.56507596774216,0.9552675432103128,8.323333333333334,True
gecko,phi,uncoupled,rugged,flat,4,16.335061273346547,0.9224911872971108,11.636666666666668,True
gecko,phi,uncoupled,rugged,flat,5,12.208026737351831,0.9535071870882884,8.313333333333333,True
gecko,phi,uncoupled,rugged,flat,6,6.737351354040369,0.5827587999623068,5.56,True
gecko,phi,uncoupled,rugged,flat,7,4.132608666619564,0.3405089870496019,2.48,True
gecko,phi,uncoupled,rugged,flat,8,11.786517931663065,0.8636128760152231,11.826666666666666,True
gecko,phi,uncoupled,rugged,flat,9,17.96230632092389,0.9661402705783468,4.616666666666666,True
gecko,phi,uncoupled,rugged,flat,10,8.794603740716585,0.8522778269261337,30.256666666666668,True
gecko,phi,uncoupled,rugged,rugged,1,12.622494049782372,0.9067974621247196,4.746666666666667,False
gecko,phi,uncoupled,rugged,rugged,2,7.527322076774201,0.837015892997075,20.57333333333333,False
gecko,phi,uncoupled,rugged,rugged,3,12.583793567654542,0.9557958708667108,8.17,False
gecko,phi,uncoupled,rugged,rugged,4,15.83999914382684,0.930661169744628,11.686666666666667,False
gecko,phi,uncoupled,rugged,rugged,5,12.03668440974727,0.9406518716458908,9.243333333333334,False
gecko,phi,uncoupled,rugged,rugged,6,9.113888402452291,0.7781981308487252,6.873333333333333,False
gecko,phi,uncoupled,rugged,rugged,7,9.751072492490035,0.8051536864328012,2.64,False
gecko,phi,uncoupled,rugged,rugged,8,12.009342170886685,0.8754094757447037,11.403333333333334,False
gecko,phi,uncoupled,rugged,rugged,9,17.781637265044306,0.9589176210316256,5.326666666666667,False
gecko,phi,uncoupled,rugged,rugged,10,9.614214304793292,0.9327231240140816,30.34,False
insect,base,blf,flat,flat,1,17.68446858134246,0.9014366298354788,60.17,False
insect,base,blf,flat,flat,2,14.19325471287913,0.8999678560313216,60.14666666666667,False
insect,base,blf,flat,flat,3,16.6363769149763,0.926890632291872,60.43333333333333,False
insect,base,blf,flat,flat,4,18.530028719512373,0.8969335198183195,64.08333333333333,False
insect,base,blf,flat,flat,5,20.43788434707356,0.9499500280738776,59.21333333333333,False
insect,base,blf,flat,flat,6,17.758132979541937,0.9254833221245752,67.97666666666667,False
insect,base,blf,flat,flat,7,10.903578602269247,0.8871274401926422,86.55666666666667,False
insect,base,blf,flat,flat,8,15.68077268888337,0.9389338268827409,44.23333333333333,False
insect,base,blf,flat,flat,9,16.737825609281224,0.9370755027182642,46.37,False
insect,base,blf,flat,flat,10,14.415410071067654,0.8938867637540316,48.57333333333333,False
insect,base,blf,flat,rugged,1,1.4347081791848273,0.0872571313249077,61.68666666666667,True
insect,base,blf,flat,rugged,2,1.2232369972690844,0.0893253686189991,60.43,True
insect,base,blf,flat,rugged,3,7.701008891317922,0.5083379345093213,63.61333333333334,True
insect,base,blf,flat,rugged,4,8.010752339457365,0.4530290160565334,64.89333333333333,True
insect,base,blf,flat,rugged,5,3.1048920287499464,0.203200147832087,65.01,True
insect,base,blf,flat,rugged,6,14.490755346352708,0.8699470989083224,68.33333333333333,True
insect,base,blf,flat,rugged,7,8.159297792841006,0.7602913051009184,87.40666666666667,True
insect,base,blf,flat,rugged,8,12.465369522746622,0.8220528759152694,48.79666666666667,True
insect,base,blf,flat,rugged,9,13.405721664644496,0.8912899025247164,53.02,True
insect,base,blf,flat,rugged,10,12.861884285869522,0.8297870025954581,49.88,True
insect,base,blf,rugged,flat,1,14.168308765649568,0.9210350672205104,45.583333333333336,True
insect,base,blf,rugged,flat,2,11.745987062375088,0.8182127457148662,50.833333333333336,True
insect,base,blf,rugged,flat,3,8.120709298828132,0.6857112797285361,87.51666666666667,True
insect,base,blf,rugged,flat,4,10.798888283352992,0.8776746984102959,69.57,True
insect,base,blf,rugged,flat,5,14.936316430522856,0.949015602411181,43.03,True
insect,base,blf,rugged,flat,6,13.81227398495513,0.8933753581010092,39.67,True
insect,base,blf,rugged,flat,7,8.820911692143602,0.7651745044597736,83.05666666666667,True
insect,base,blf,rugged,flat,8,8.001181007612761,0.6329616458161984,75.47,True
insect,base,blf,rugged,flat,9,16.488290199117653,0.9299518046256142,56.446666666666665,True
insect,base,blf,rugged,flat,10,16.524270575889478,0.9242370291515228,60.92,True
insect,base,blf,rugged,rugged,1,14.083286149479251,0.9061626649025464,49.16,False
insect,base,blf,rugged,rugged,2,12.71360876037675,0.8690729206960471,53.31,False
insect,base,blf,rugged,rugged,3,10.266968878566514,0.8713319254383427,85.33333333333333,False
insect,base,blf,rugged,rugged,4,10.457103052282706,0.7887550261262053,67.20333333333333,False
insect,base,blf,rugged,rugged,5,14.362826753994272,0.9170424025753452,48.17,False
insect,base,blf,rugged,rugged,6,13.815920378999412,0.8756905812429021,44.223333333333336,False
insect,base,blf,rugged,rugged,7,9.607661194450287,0.8144895248763812,81.35666666666667,False
insect,base,blf,rugged,rugged,8,10.213216840821948,0.8480757035824696,75.57666666666667,False
insect,base,blf,rugged,rugged,9,15.638867612573875,0.9020630083246256,58.20666666666666,False
insect,base,blf,rugged,rugged,10,15.74635771097425,0.9096004715310188,61.36,False
insect,phi,uncoupled,flat,flat,1,11.127299152383744,0.8837131373968615,47.54666666666667,False
insect,phi,uncoupled,flat,flat,2,15.89497183716568,0.9058891410541616,60.79666666666667,False
insect,phi,uncoupled,flat,flat,3,11.375499564306216,0.8915799850650034,53.763333333333335,False
insect,phi,uncoupled,flat,flat,4,11.21321308843048,0.9134671978093132,54.33,False
insect,phi,uncoupled,flat,flat,5,6.576271723958127,0.6482345228615413,78.58,False
insect,phi,uncoupled,flat,flat,6,12.077441190926304,0.924826435049514,62.57333333333333,False
insect,phi,uncoupled,flat,flat,7,7.18318613920621,0.7587954321957,63.26,False
insect,phi,uncoupled,flat,flat,8,7.428455696431672,0.7879739842290153,85.75333333333333,False
insect,phi,uncoupled,flat,flat,9,11.03841571743046,0.8848661329932787,49.99333333333333,False
insect,phi,uncoupled,flat,flat,10,10.51883030820142,0.8796812852840684,74.22333333333333,False
insect,phi,uncoupled,flat,rugged,1,8.890808377502943,0.7677090415198401,53.59333333333333,True
insect,phi,uncoupled,flat,rugged,2,12.185375110930543,0.776844761715755,63.29333333333334,True
insect,phi,uncoupled,flat,rugged,3,7.06572313210046,0.6219849498434861,59.65,True
insect,phi,uncoupled,flat,rugged,4,9.494526663996494,0.8630820398273475,60.07666666666667,True
insect,phi,uncoupled,flat,rugged,5,4.996541001307147,0.5180387642473236,77.6,True
insect,phi,uncoupled,flat,rugged,6,7.905313077800231,0.7073418340412098,68.90333333333334,True
insect,phi,uncoupled,flat,rugged,7,4.84179930537462,0.6232379787492799,66.28,True
insect,phi,uncoupled,flat,rugged,8,7.114775573486593,0.7654123107737867,85.38333333333334,True
insect,phi,uncoupled,flat,rugged,9,9.226832434627386,0.7943299490316192,53.95666666666666,True
insect,phi,uncoupled,flat,rugged,10,7.104580095468418,0.6262054079208597,73.99333333333334,True
insect,phi,uncoupled,rugged,flat,1,9.332220011670804,0.8753190936475734,83.11,True
insect,phi,uncoupled,rugged,flat,2,6.610304931069025,0.7072345496093132,61.18666666666667,True
insect,phi,uncoupled,rugged,flat,3,9.357251975287724,0.8626114585697698,67.10666666666667,True
insect,phi,uncoupled,rugged,flat,4,9.2989086832708,0.8518109916831691,56.95,True
insect,phi,uncoupled,rugged,flat,5,9.67397601356324,0.8796022579906079,52.59333333333333,True
insect,phi,uncoupled,rugged,flat,6,10.346002718252343,0.868035953412224,46.71,True
insect,phi,uncoupled,rugged,flat,7,9.059680132236087,0.8196115686739895,50.24,True
insect,phi,uncoupled,rugged,flat,8,2.1267353981694983,0.1802974876787197,67.74333333333334,True
insect,phi,uncoupled,rugged,flat,9,8.586182430896741,0.8124300300566601,56.02333333333333,True
insect,phi,uncoupled,rugged,flat,10,10.813126021645274,0.8781606917119564,47.72,True
insect,phi,uncoupled,rugged,rugged,1,9.116256877729525,0.8296214627499316,82.26333333333334,False
insect,phi,uncoupled,rugged,rugged,2,7.499256833231032,0.8173118266347363,63.4,False
insect,phi,uncoupled,rugged,rugged,3,9.932712065918489,0.8522544124719321,67.15666666666667,False
insect,phi,uncoupled,rugged,rugged,4,9.683749103964407,0.8606621693065049,59.18,False
insect,phi,uncoupled,rugged,rugged,5,10.269158996819671,0.8808281301647752,52.71333333333333,False
insect,phi,uncoupled,rugged,rugged,6,10.487040921793811,0.869780014594207,50.32,False
insect,phi,uncoupled,rugged,rugged,7,9.154088306610532,0.8125713663414469,53.32,False
insect,phi,uncoupled,rugged,rugged,8,11.896455913268458,0.8085496528936003,83.06,False
insect,phi,uncoupled,rugged,rugged,9,8.870093970522117,0.8209846456589247,60.25333333333333,False
insect,phi,uncoupled,rugged,rugged,10,9.936676477823433,0.851255245672842,48.52666666666666,False
queen,base,blf,flat,flat,1,19.756700300665337,0.9378976669319934,44.55,False
queen,base,blf,flat,flat,2,18.564873051421813,0.9312555155644912,50.82666666666667,False
queen,base,blf,flat,flat,3,16.560732361662847,0.9153553896176128,61.88333333333333,False
queen,base,blf,flat,flat,4,10.77194817401329,0.6856814030504458,38.07333333333333,False
queen,base,blf,flat,flat,5,17.722572458512797,0.91205227518312,44.52333333333333,False
queen,base,blf,flat,flat,6,11.412256996325748,0.7819024972848192,32.88333333333333,False
queen,base,blf,flat,flat,7,19.48425182570012,0.954669241151496,47.75333333333333,False
queen,base,blf,flat,flat,8,20.926062404242803,0.967126124552079,48.833333333333336,False
queen,base,blf,flat,flat,9,11.99035325798395,0.8616155396783797,51.723333333333336,False
queen,base,blf,flat,flat,10,11.212215577374195,0.8710794763597318,36.46666666666667,False
queen,base,blf,flat,rugged,1,6.311679072292757,0.358422052314148,51.07,True
queen,base,blf,flat,rugged,2,13.459250451492352,0.7926072488802123,54.99333333333333,True
queen,base,blf,flat,rugged,3,2.122934970843735,0.1351335049749591,64.90666666666667,True
queen,base,blf,flat,rugged,4,1.6384345737318464,0.1278279255604259,41.71666666666667,True
queen,base,blf,flat,rugged,5,4.86863926191766,0.2760515439144905,52.27333333333333,True
queen,base,blf,flat,rugged,6,3.563856444967792,0.2699115690733931,36.736666666666665,True
queen,base,blf,flat,rugged,7,7.218848643477174,0.3693351834315763,48.13333333333333,True
queen,base,blf,flat,rugged,8,7.011105241599359,0.3928370604817499,54.64333333333333,True
queen,base,blf,flat,rugged,9,7.186212177766757,0.5880685591052206,54.223333333333336,True
queen,base,blf,flat,rugged,10,1.4106833392591889,0.1155210701334134,39.266666666666666,True
queen,base,blf,rugged,flat,1,14.37469571090856,0.8729136019326111,60.35,True
queen,base,blf,rugged,flat,2,12.435156123869683,0.8292235636944923,62.29666666666667,True
queen,base,blf,rugged,flat,3,7.570788013788245,0.6327706725352612,55.64333333333333,True
queen,base,blf,rugged,flat,4,19.52106310558426,0.9306217934236788,36.79666666666667,True
queen,base,blf,rugged,flat,5,11.881423851253588,0.8290879294944806,55.3,True
queen,base,blf,rugged,flat,6,16.6901855744828,0.8925028981207843,39.72666666666667,True
queen,base,blf,rugged,flat,7,14.601238850240716,0.9084289666020364,52.67,True
queen,base,blf,rugged,flat,8,16.426054124361983,0.9097295095045064,56.14666666666667,True
queen,base,blf,rugged,flat,9,15.071698910849394,0.9054781918368018,62.196666666666665,True
queen,base,blf,rugged,flat,10,15.696597686787998,0.9206795204886664,40.50666666666667,True
queen,base,blf,rugged,rugged,1,13.334334234661004,0.7974263327232987,59.36333333333334,False
queen,base,blf,rugged,rugged,2,14.010499146578596,0.8662308448786482,59.61,False
queen,base,blf,rugged,rugged,3,8.74015687671927,0.7542899781750245,56.81333333333333,False
queen,base,blf,rugged,rugged,4,18.23947285753179,0.913146870849976,41.19,False
queen,base,blf,rugged,rugged,5,14.131761604375946,0.8284853956671097,54.84666666666666,False
queen,base,blf,rugged,rugged,6,17.24881193452687,0.9135876093464111,42.21,False
queen,base,blf,rugged,rugged,7,15.020231702165855,0.8798432823107301,55.92,False
queen,base,blf,rugged,rugged,8,15.839905960403804,0.8941045737060697,54.99333333333333,False
queen,base,blf,rugged,rugged,9,15.02886384521661,0.8804714252082638,61.016666666666666,False
queen,base,blf,rugged,rugged,10,15.613499495995082,0.8969064753927016,47.403333333333336,False
queen,phi,uncoupled,flat,flat,1,5.3541596522080805,0.4818953659870001,50.44,False
queen,phi,uncoupled,flat,flat,2,5.01547517878514,0.4621618046279605,43.61333333333334,False
queen,phi,uncoupled,flat,flat,3,18.37800835671064,0.9368444203225094,51.77666666666666,False
queen,phi,uncoupled,flat,flat,4,4.894001398355321,0.4568893782840854,53.71333333333333,False
queen,phi,uncoupled,flat,flat,5,4.999165382482074,0.4440252925928468,51.00333333333333,False
queen,phi,uncoupled,flat,flat,6,5.726780963432794,0.4562990246930671,40.42666666666667,False
queen,phi,uncoupled,flat,flat,7,10.928373880028866,0.8302849366139538,68.16,False
queen,phi,uncoupled,flat,flat,8,15.926570375522733,0.8953699466804557,43.72666666666667,False
queen,phi,uncoupled,flat,flat,9,14.972496996402889,0.883579057356348,52.94,False
queen,phi,uncoupled,flat,flat,10,12.220085233697764,0.8696399133088196,61.52333333333333,False
queen,phi,uncoupled,flat,rugged,1,4.361668774900399,0.4173949102312839,52.22666666666667,True
queen,phi,uncoupled,flat,rugged,2,0.7295658813869902,0.1101189102525289,73.23,True
queen,phi,uncoupled,flat,rugged,3,5.379894751026217,0.2964885529197253,54.56666666666667,True
queen,phi,uncoupled,flat,rugged,4,3.073627553183873,0.2976206686532494,54.96333333333333,True
queen,phi,uncoupled,flat,rugged,5,2.7750758065672576,0.2518086587843813,52.35666666666667,True
queen,phi,uncoupled,flat,rugged,6,1.8749522120398328,0.1944696528947933,54.02,True
queen,phi,uncoupled,flat,rugged,7,1.8605544977049653,0.1440708551715885,69.37,True
queen,phi,uncoupled,flat,rugged,8,6.332210180148332,0.4449330470726371,39.96666666666667,True
queen,phi,uncoupled,flat,rugged,9,8.167436839626369,0.4893528092990418,56.22666666666667,True
queen,phi,uncoupled,flat,rugged,10,6.027356980327629,0.4566084154201008,59.02666666666666,True
queen,phi,uncoupled,rugged,flat,1,2.903383854880843,0.4953825553364899,73.90333333333334,True
queen,phi,uncoupled,rugged,flat,2,4.377454973486195,0.4124289450842422,58.513333333333335,True
queen,phi,uncoupled,rugged,flat,3,8.627604019850821,0.6975497562608705,61.32333333333333,True
queen,phi,uncoupled,rugged,flat,4,7.71047863913388,0.718493085510477,76.77,True
queen,phi,uncoupled,rugged,flat,5,6.136185673585573,0.6904022947885333,58.65,True
queen,phi,uncoupled,rugged,flat,6,8.863746246457572,0.8012962470973681,63.10666666666667,True
queen,phi,uncoupled,rugged,flat,7,11.27414532120474,0.8593163470299945,72.1,True
queen,phi,uncoupled,rugged,flat,8,10.609783684267637,0.8469253504071724,70.17333333333333,True
queen,phi,uncoupled,rugged,flat,9,9.285411665379728,0.8208058960153429,59.25666666666667,True
queen,phi,uncoupled,rugged,flat,10,3.9191646058516048,0.3027482210951588,46.943333333333335,True
queen,phi,uncoupled,rugged,rugged,1,2.4897898572133905,0.4542889243439429,73.00666666666666,False
queen,phi,uncoupled,rugged,rugged,2,4.648819674831048,0.4324557087808133,58.763333333333335,False
queen,phi,uncoupled,rugged,rugged,3,9.920934975946032,0.7774545660738366,60.78,False
queen,phi,uncoupled,rugged,rugged,4,7.925953596288105,0.7248882914736796,74.37666666666667,False
queen,phi,uncoupled,rugged,rugged,5,6.357935402645434,0.6912796832551812,57.03333333333333,False
queen,phi,uncoupled,rugged,rugged,6,9.029845719610805,0.7772965555016466,64.35,False
queen,phi,uncoupled,rugged,rugged,7,9.515078783355673,0.7462055885876244,73.63333333333334,False
queen,phi,uncoupled,rugged,rugged,8,10.327514319082644,0.8125710171452691,69.87,False
queen,phi,uncoupled,rugged,rugged,9,9.707452858039328,0.8774080080905547,63.05,False
queen,phi,uncoupled,rugged,rugged,10,4.260916371186705,0.3395529434355697,50.07666666666667,False
spider,base,blf,flat,flat,1,15.922882026165349,0.9151585793534408,40.06,False
spider,base,blf,flat,flat,2,16.846397131522483,0.9491493610131704,40.85333333333333,False
spider,base,blf,flat,flat,3,15.842771425314035,0.798704974387667,36.82333333333333,False
spider,base,blf,flat,flat,4,19.1263823564162,0.8065245214539396,6.713333333333333,False
spider,base,blf,flat,flat,5,17.100913997630276,0.8341076261250132,5.23,False
spider,base,blf,flat,flat,6,16.948139806767035,0.8640272195007463,12.623333333333331,False
spider,base,blf,flat,flat,7,13.643756967382904,0.924654603837572,21.736666666666668,False
spider,base,blf,flat,flat,8,17.620881249310393,0.93849235403951,36.016666666666666,False
spider,base,blf,flat,flat,9,12.841347710460347,0.9145975547335216,33.31,False
spider,base,blf,flat,flat,10,17.304839270456952,0.9280049033284798,37.77666666666666,False
spider,base,blf,flat,rugged,1,8.563137639569014,0.5761234282589047,43.31666666666667,True
spider,base,blf,flat,rugged,2,3.095943162161868,0.2286386777531164,45.74,True
spider,base,blf,flat,rugged,3,13.228035617708656,0.740754407667198,38.03333333333333,True
spider,base,blf,flat,rugged,4,9.442716408684676,0.4870416899538721,13.536666666666669,True
spider,base,blf,flat,rugged,5,14.662134194041112,0.7880138651638751,6.466666666666667,True
spider,base,blf,flat,rugged,6,3.0863010975520027,0.2148446333772045,23.66,True
spider,base,blf,flat,rugged,7,12.22214870797353,0.9208452620581214,29.093333333333334,True
spider,base,blf,flat,rugged,8,12.484005254206988,0.871471551924686,40.41666666666666,True
spider,base,blf,flat,rugged,9,9.619579826967971,0.7271353175361717,38.3,True
spider,base,blf,flat,rugged,10,11.788231740780514,0.8015388119596454,43.76,True
spider,base,blf,rugged,flat,1,14.261820432496066,0.8417985125909447,43.45,True
spider,base,blf,rugged,flat,2,13.69005615512757,0.8322929281641707,39.27666666666666,True
spider,base,blf,rugged,flat,3,14.240825015180617,0.8785321334970129,4.036666666666667,True
spider,base,blf,rugged,flat,4,16.63121696526312,0.8007109468983064,0.8166666666666667,True
spider,base,blf,rugged,flat,5,15.05143520765709,0.7823930534712188,2.84,True
spider,base,blf,rugged,flat,6,11.926283482382354,0.6771133146809122,37.76,True
spider,base,blf,rugged,flat,7,10.801634414581374,0.7770085096315756,6.806666666666667,True
spider,base,blf,rugged,flat,8,11.471505478667128,0.835994302915243,51.34333333333333,True
spider,base,blf,rugged,flat,9,11.626606476444712,0.927749555612029,55.67666666666667,True
spider,base,blf,rugged,flat,10,11.87688369871375,0.9029196236608962,39.25,True
spider,base,blf,rugged,rugged,1,13.226044584064445,0.8285712643381979,42.00666666666667,False
spider,base,blf,rugged,rugged,2,13.179870915174527,0.8155297107962011,43.48,False
spider,base,blf,rugged,rugged,3,14.186961445485748,0.8945092548549457,7.506666666666667,False
spider,base,blf,rugged,rugged,4,16.571240504118887,0.8118487624007603,1.11,False
spider,base,blf,rugged,rugged,5,15.114316723489054,0.7976316282478977,3.0033333333333334,False
spider,base,blf,rugged,rugged,6,14.475562023668113,0.8412732782317534,39.34666666666666,False
spider,base,blf,rugged,rugged,7,10.769767869373345,0.7898652457617236,6.63,False
spider,base,blf,rugged,rugged,8,11.012233816303198,0.8511407715363817,54.9,False
spider,base,blf,rugged,rugged,9,11.341244484554316,0.899744264201478,55.60333333333333,False
spider,base,blf,rugged,rugged,10,11.482787530871702,0.873581971086278,41.306666666666665,False
spider,phi,uncoupled,flat,flat,1,13.89746654651691,0.8881886788578254,42.41666666666666,False
spider,phi,uncoupled,flat,flat,2,11.18860713115616,0.6776836743624419,20.12,False
spider,phi,uncoupled,flat,flat,3,6.15434523243899,0.6172694568814602,34.86333333333334,False
spider,phi,uncoupled,flat,flat,4,7.633647094185551,0.5271434125328419,16.676666666666666,False
spider,phi,uncoupled,flat,flat,5,8.587053290752353,0.4882571175217006,7.156666666666666,False
spider,phi,uncoupled,flat,flat,6,10.933795162911071,0.8868449820829359,22.13,False
spider,phi,uncoupled,flat,flat,7,5.7007396085782895,0.4846401316232001,49.36666666666667,False
spider,phi,uncoupled,flat,flat,8,9.334987847872824,0.8270262808937459,59.93333333333333,False
spider,phi,uncoupled,flat,flat,9,14.106761743991417,0.7601145110627584,28.76333333333333,False
spider,phi,uncoupled,flat,flat,10,5.525010050574815,0.4900360385995509,25.48,False
spider,phi,uncoupled,flat,rugged,1,8.784982904171436,0.6742369862627966,42.88,True
spider,phi,uncoupled,flat,rugged,2,2.6226958618844494,0.189317310739795,20.48333333333333,True
spider,phi,uncoupled,flat,rugged,3,1.879417645047872,0.2005347459743667,35.88333333333333,True
spider,phi,uncoupled,flat,rugged,4,5.11473015188834,0.3861145460124084,18.586666666666662,True
spider,phi,uncoupled,flat,rugged,5,4.895446732310882,0.3152139359290262,12.15,True
spider,phi,uncoupled,flat,rugged,6,10.367200241597212,0.8522642527881473,25.78,True
spider,phi,uncoupled,flat,rugged,7,4.067379069890953,0.3678478953738861,50.21,True
spider,phi,uncoupled,flat,rugged,8,6.130888865809278,0.5800119009695787,63.41,True
spider,phi,uncoupled,flat,rugged,9,12.947088391384556,0.706264954732672,27.686666666666667,True
spider,phi,uncoupled,flat,rugged,10,2.862187929588988,0.2657996878449022,25.886666666666667,True
spider,phi,uncoupled,rugged,flat,1,10.005820814134523,0.7409201795881993,1.8433333333333333,True
spider,phi,uncoupled,rugged,flat,2,8.373587708405061,0.5517714968192268,29.956666666666667,True
spider,phi,uncoupled,rugged,flat,3,8.296734822781424,0.5993826916116455,1.63,True
spider,phi,uncoupled,rugged,flat,4,8.342161080832,0.6716713583521807,4.573333333333333,True
spider,phi,uncoupled,rugged,flat,5,11.34103526386943,0.8516253053806753,49.156666666666666,True
spider,phi,uncoupled,rugged,flat,6,9.44196995803665,0.7216598443694969,34.776666666666664,True
spider,phi,uncoupled,rugged,flat,7,10.957982350443077,0.8215735881045059,33.67333333333333,True
spider,phi,uncoupled,rugged,flat,8,10.962679935157876,0.7602441541987754,42.28333333333333,True
spider,phi,uncoupled,rugged,flat,9,8.786543078518323,0.7301384942610639,32.76,True
spider,phi,uncoupled,rugged,flat,10,11.372748056177173,0.8210765199054169,24.89333333333333,True
spider,phi,uncoupled,rugged,rugged,1,10.152745745419088,0.7775138109159975,5.593333333333334,False
spider,phi,uncoupled,rugged,rugged,2,9.053232063688997,0.647698248566735,32.693333333333335,False
spider,phi,uncoupled,rugged,rugged,3,7.476620310184139,0.5393196517629124,2.286666666666666,False
spider,phi,uncoupled,rugged,rugged,4,9.222267409541985,0.7481615132315214,5.616666666666666,False
spider,phi,uncoupled,rugged,rugged,5,10.900533894442496,0.8235123833795152,48.03,False
spider,phi,uncoupled,rugged,rugged,6,9.282282372348812,0.7165410449760067,39.20333333333333,False
spider,phi,uncoupled,rugged,rugged,7,10.62581387435982,0.7797690140997459,34.50666666666667,False
spider,phi,uncoupled,rugged,rugged,8,11.591701089319384,0.7869248553352944,42.61333333333334,False
spider,phi,uncoupled,rugged,rugged,9,8.948848755161816,0.7467097967384335,33.123333333333335,False
spider,phi,uncoupled,rugged,rugged,10,11.336140841786529,0.8147885721232162,26.456666666666667,False
