robot,variant,coupling,terrain,seed,distance,em,drag_pct
babya,base,blf,flat,1,24.70950848542478,0.9112022790420858,6.023333333333333
babya,base,blf,flat,2,25.71652685007643,0.928226172488422,6.69
babya,base,blf,flat,3,21.10212351379763,0.944044759163666,17.583333333333332
babya,base,blf,flat,4,26.44056243905732,0.9237023410430772,8.503333333333334
babya,base,blf,flat,5,28.73817096869645,0.9680099344969528,10.1
babya,base,blf,flat,6,21.2605144624498,0.9566580272472338,25.563333333333333
babya,base,blf,flat,7,21.85963179314244,0.9541009980013768,36.61
babya,base,blf,flat,8,24.35399394212862,0.952591670150719,4.37
babya,base,blf,flat,9,15.198915034471275,0.9120280070126956,50.09666666666666
babya,base,blf,flat,10,26.803812044105207,0.9649704079622508,9.863333333333332
babya,base,blf,flat,11,25.34076299257013,0.954577076155878,11.903333333333334
babya,base,blf,flat,12,24.21125544900824,0.9474887180802904,37.20666666666666
babya,base,blf,flat,13,24.23921759546456,0.9671879645431049,17.11
babya,base,blf,flat,14,23.0024015736306,0.9459136996710932,14.56
babya,base,blf,flat,15,24.87937031779776,0.9615504555872696,10.2
babya,base,blf,flat,16,11.93689915819862,0.8107603685830251,26.726666666666667
babya,base,blf,flat,17,19.562756733315013,0.9517948160305716,19.57333333333333
babya,base,blf,flat,18,26.507215413145595,0.922833703804742,6.486666666666666
babya,base,blf,flat,19,27.192087500270755,0.9420836225117905,12.696666666666667
babya,base,blf,flat,20,23.911336907229384,0.9173883387739684,5.16
babya,base,blf,flat,21,26.09085994085229,0.9650653904576456,11.703333333333331
babya,base,blf,flat,22,21.234901945813476,0.9675573558958168,43.17666666666667
babya,base,blf,flat,23,27.688350483221523,0.9539967953167636,8.7
babya,base,blf,flat,24,31.88181841131124,0.9710150557249916,7.623333333333333
babya,base,blf,flat,25,25.9484588952712,0.955992870273888,31.94333333333333
babya,base,blf,flat,26,26.283281902335503,0.9642126634287168,7.943333333333333
babya,base,blf,flat,27,26.129427702946717,0.9083250435247758,12.413333333333334
babya,base,blf,flat,28,24.98562012484146,0.9426379087542576,33.96333333333333
babya,base,blf,flat,29,25.62064437533338,0.9435907209092974,4.24
babya,base,blf,flat,30,23.986052040653863,0.9405118873637937,30.80666666666667
babya,base,blf,rugged,1,19.12198304759909,0.8950231275339701,7.1066666666666665
babya,base,blf,rugged,2,21.100271304693724,0.93433267777594,33.06
babya,base,blf,rugged,3,16.987241101695698,0.7937256395271309,29.43
babya,base,blf,rugged,4,18.995978424358515,0.933495552200144,19.346666666666668
babya,base,blf,rugged,5,14.76823696836812,0.9296528379312248,57.45
babya,base,blf,rugged,6,19.1668966348934,0.9299606026791772,32.39666666666667
babya,base,blf,rugged,7,21.446077781537333,0.9099992341416988,3.28
babya,base,blf,rugged,8,16.22161509956041,0.8483782829769113,45.81333333333333
babya,base,blf,rugged,9,14.202476845881906,0.8006513943643079,27.343333333333334
babya,base,blf,rugged,10,21.810852078996444,0.9234350646333024,9.103333333333332
babya,base,blf,rugged,11,18.288825844473163,0.9326305204941716,2.9566666666666666
babya,base,blf,rugged,12,17.58327471840466,0.8919279322833398,23.54
babya,base,blf,rugged,13,22.272878899458085,0.8818942912691139,4.303333333333334
babya,base,blf,rugged,14,23.224818891376565,0.9166421575046896,9.593333333333334
babya,base,blf,rugged,15,19.8678057385271,0.912504183505374,3.56
babya,base,blf,rugged,16,17.872628676186487,0.9025813619535152,8.103333333333333
babya,base,blf,rugged,17,21.975790243893854,0.9359914211585172,23.51
babya,base,blf,rugged,18,18.83574690355807,0.917636800827114,30.796666666666667
babya,base,blf,rugged,19,16.59911581057695,0.8296064168543056,50.736666666666665
babya,base,blf,rugged,20,20.382224056435348,0.9187156287596516,8.066666666666666
babya,base,blf,rugged,21,22.48328385091853,0.9367608249329644,18.39333333333333
babya,base,blf,rugged,22,17.014614967045812,0.8901058250671406,4.3933333333333335
babya,base,blf,rugged,23,24.79540086234497,0.9213306645701326,21.92333333333333
babya,base,blf,rugged,24,15.728014772900826,0.8945818849996224,0.2266666666666666
babya,base,blf,rugged,25,19.66073646790656,0.9350560028890966,24.566666666666663
babya,base,blf,rugged,26,17.887241092830426,0.901277565447708,44.50333333333333
babya,base,blf,rugged,27,23.910897819559345,0.9153611920529028,19.11
babya,base,blf,rugged,28,23.440497248216737,0.9502037003294752,12.513333333333334
babya,base,blf,rugged,29,20.48520015655945,0.9199727459691124,8.133333333333333
babya,base,blf,rugged,30,21.07369351935549,0.919754900000675,24.05333333333333
babya,phi,uncoupled,flat,1,7.748425291039335,0.5392869032283544,38.55
babya,phi,uncoupled,flat,2,14.00554959345652,0.807588228261861,11.886666666666668
babya,phi,uncoupled,flat,3,13.261622025970356,0.8176856924241122,1.23
babya,phi,uncoupled,flat,4,22.050312073843035,0.8749583103053556,0.2433333333333333
babya,phi,uncoupled,flat,5,9.810547761255174,0.6980921377197404,25.46333333333333
babya,phi,uncoupled,flat,6,13.478449298397903,0.7399406649568345,15.293333333333331
babya,phi,uncoupled,flat,7,7.190406957922788,0.7494449974926978,0.1733333333333333
babya,phi,uncoupled,flat,8,8.17306174592679,0.8563741643171598,52.973333333333336
babya,phi,uncoupled,flat,9,7.255729126607404,0.7212157520611361,0.19
babya,phi,uncoupled,flat,10,14.85751898067205,0.6690077876933341,28.906666666666663
babya,phi,uncoupled,flat,11,13.511825058749295,0.7038254808127471,6.243333333333333
babya,phi,uncoupled,flat,12,7.096393428071671,0.5415308301830336,38.46666666666667
babya,phi,uncoupled,flat,13,11.228974947191062,0.7705544786946303,39.4
babya,phi,uncoupled,flat,14,8.38818638311591,0.5375486039189149,6.843333333333334
babya,phi,uncoupled,flat,15,12.011705663922532,0.6568378132822961,11.41
babya,phi,uncoupled,flat,16,13.968219897870432,0.6919430175750605,3.756666666666667
babya,phi,uncoupled,flat,17,12.328928394863103,0.8739361601798102,15.606666666666667
babya,phi,uncoupled,flat,18,10.118083229875156,0.6794355118325958,32.28
babya,phi,uncoupled,flat,19,12.573570564058947,0.7925969156800762,1.1833333333333331
babya,phi,uncoupled,flat,20,9.92098849143132,0.7576211781466924,55.876666666666665
babya,phi,uncoupled,flat,21,7.122026863253168,0.468823644698763,15.916666666666666
babya,phi,uncoupled,flat,22,11.893223999806713,0.8104720408038842,0.9233333333333332
babya,phi,uncoupled,flat,23,9.691898221484577,0.5672633511449816,39.27666666666666
babya,phi,uncoupled,flat,24,9.706837551444364,0.7232579415109016,2.37
babya,phi,uncoupled,flat,25,10.25714720698472,0.7117925955335251,49.08
babya,phi,uncoupled,flat,26,10.608617605494134,0.737472818100776,40.09333333333333
babya,phi,uncoupled,flat,27,12.19567254526153,0.6529850449452836,17.933333333333334
babya,phi,uncoupled,flat,28,5.100576813186756,0.4917621865177168,63.02
babya,phi,uncoupled,flat,29,13.392396655420248,0.8860284858842055,18.11
babya,phi,uncoupled,flat,30,13.19948636787396,0.8336205304118082,21.006666666666668
babya,phi,uncoupled,rugged,1,7.71243267157426,0.5756494531418013,4.256666666666667
babya,phi,uncoupled,rugged,2,11.077646098649224,0.8170773208582861,9.58
babya,phi,uncoupled,rugged,3,10.349574917897026,0.7764207350033357,24.626666666666665
babya,phi,uncoupled,rugged,4,10.425956810314757,0.8279321605081739,17.233333333333334
babya,phi,uncoupled,rugged,5,13.154245056990368,0.7880838902896342,13.626666666666669
babya,phi,uncoupled,rugged,6,15.308729344042035,0.8921611461046028,2.2066666666666666
babya,phi,uncoupled,rugged,7,13.611950251714712,0.8323651308806912,10.413333333333334
babya,phi,uncoupled,rugged,8,10.730834873694151,0.8143789845643465,38.53666666666667
babya,phi,uncoupled,rugged,9,12.219679591892676,0.8234418308933469,14.71
babya,phi,uncoupled,rugged,10,13.500020099523704,0.7362400192885532,7.12
babya,phi,uncoupled,rugged,11,9.898250223641618,0.7140291567742673,23.696666666666665
babya,phi,uncoupled,rugged,12,10.730585264449475,0.7497117194142915,18.936666666666667
babya,phi,uncoupled,rugged,13,13.792306941974193,0.8817686622778267,0.0
babya,phi,uncoupled,rugged,14,7.929944768292666,0.6838630457192828,29.006666666666668
babya,phi,uncoupled,rugged,15,13.214344914150418,0.7485759442520162,13.41
babya,phi,uncoupled,rugged,16,18.248446984141864,0.8542455988421304,6.1433333333333335
babya,phi,uncoupled,rugged,17,9.397913558950105,0.5939271379476269,0.37
babya,phi,uncoupled,rugged,18,13.319458876650325,0.8216353296554769,32.89666666666667
babya,phi,uncoupled,rugged,19,11.213605061109748,0.7135891385560221,35.413333333333334
babya,phi,uncoupled,rugged,20,13.64513969533306,0.807914050037888,18.59
babya,phi,uncoupled,rugged,21,10.273803691426066,0.7910410525226499,7.1466666666666665
babya,phi,uncoupled,rugged,22,8.602792695755879,0.6350703270419839,29.523333333333333
babya,phi,uncoupled,rugged,23,16.80778535058734,0.8233579025711913,26.066666666666663
babya,phi,uncoupled,rugged,24,8.542528344629806,0.5616742511756458,0.0
babya,phi,uncoupled,rugged,25,12.63479716683309,0.8545807397746005,1.6733333333333331
babya,phi,uncoupled,rugged,26,14.263161441201657,0.8101270513770141,6.613333333333333
babya,phi,uncoupled,rugged,27,7.988268622624103,0.6238929110214952,28.39
babya,phi,uncoupled,rugged,28,9.03992351359016,0.7088206147678808,28.4
babya,phi,uncoupled,rugged,29,8.246525459483742,0.6534332452441687,17.143333333333334
babya,phi,uncoupled,rugged,30,8.952749727624562,0.6727307920478474,24.036666666666665
ege,base,blf,flat,1,6.644662075404376,0.57403518843269,14.793333333333331
ege,base,blf,flat,2,7.571150942422376,0.581897425454718,49.09666666666666
ege,base,blf,flat,3,12.59884702975652,0.7152683436306557,30.946666666666665
ege,base,blf,flat,4,8.359511920726838,0.6537248151981189,15.616666666666667
ege,base,blf,flat,5,7.074444044310265,0.6172555916282835,15.23
ege,base,blf,flat,6,14.810954670362332,0.8865501881671038,10.093333333333334
ege,base,blf,flat,7,6.847171895336606,0.6064296768877084,23.33333333333333
ege,base,blf,flat,8,12.885011640833532,0.7329091632306641,40.41
ege,base,blf,flat,9,4.623438871964424,0.6735873156102575,5.726666666666667
ege,base,blf,flat,10,10.558222902169286,0.729142294060019,16.55666666666667
ege,base,blf,flat,11,8.204947114568483,0.6313422504683458,14.776666666666667
ege,base,blf,flat,12,17.256286338110108,0.9241753276648608,44.36
ege,base,blf,flat,13,10.611558688300212,0.6569121361250023,14.596666666666666
ege,base,blf,flat,14,11.221107777333016,0.7063265660975185,52.45666666666666
ege,base,blf,flat,15,13.155216503239192,0.8725912226894362,4.49
ege,base,blf,flat,16,12.107286211231743,0.8508318675115539,0.4966666666666666
ege,base,blf,flat,17,10.48630529271893,0.7498131942669706,14.953333333333331
ege,base,blf,flat,18,11.350255856299029,0.7856422545742471,56.43
ege,base,blf,flat,19,11.75338330542991,0.752884434316449,24.626666666666665
ege,base,blf,flat,20,10.434247745101027,0.6219114658791709,15.7
ege,base,blf,flat,21,8.45121902398627,0.8060033455500123,27.01
ege,base,blf,flat,22,15.308622688520934,0.8411820880934409,3.1566666666666667
ege,base,blf,flat,23,7.2172299553652515,0.6018702369989394,59.82333333333333
ege,base,blf,flat,24,7.029237268677828,0.6137780073508797,54.09666666666666
ege,base,blf,flat,25,15.621400887192673,0.903152123151058,41.02333333333333
ege,base,blf,flat,26,9.008979779326628,0.6247361362116214,44.57333333333333
ege,base,blf,flat,27,10.973686707595624,0.7662863765990334,12.046666666666669
ege,base,blf,flat,28,9.203869787251872,0.6625281445246598,58.67
ege,base,blf,flat,29,13.911582023753594,0.958855578461016,50.45666666666666
ege,base,blf,flat,30,9.636188209691802,0.7358911565289866,20.343333333333334
ege,base,blf,rugged,1,11.529778125525288,0.8559529694762209,23.383333333333333
ege,base,blf,rugged,2,7.8558165800656035,0.6284226602344583,45.99
ege,base,blf,rugged,3,6.628221362337788,0.5706798709243842,23.15333333333333
ege,base,blf,rugged,4,10.26987988218256,0.6114088188839613,26.74
ege,base,blf,rugged,5,8.908212638437899,0.7847166977362747,7.96
ege,base,blf,rugged,6,7.957851439709138,0.8138732151726039,59.09666666666666
ege,base,blf,rugged,7,11.74964652025932,0.8165704440413576,44.50666666666667
ege,base,blf,rugged,8,8.519929282711106,0.6641865908191599,16.4
ege,base,blf,rugged,9,13.2310755759054,0.8037422028036174,35.92
ege,base,blf,rugged,10,9.014373270637744,0.6645508434359143,16.253333333333334
ege,base,blf,rugged,11,8.877064021510234,0.7896913223927294,16.006666666666668
ege,base,blf,rugged,12,7.919741932236334,0.5917103627894119,41.873333333333335
ege,base,blf,rugged,13,6.960445830231477,0.7015246334016222,39.0
ege,base,blf,rugged,14,7.284596648344047,0.8112981146375005,62.17333333333333
ege,base,blf,rugged,15,11.280681959024385,0.8227706926451096,32.53
ege,base,blf,rugged,16,9.664376336616751,0.61120414313682,24.996666666666663
ege,base,blf,rugged,17,9.523091557611618,0.7755851655160444,4.51
ege,base,blf,rugged,18,5.082530318896631,0.5737018370327941,53.943333333333335
ege,base,blf,rugged,19,12.49530282370474,0.8718137026236128,47.88333333333333
ege,base,blf,rugged,20,11.095338967196115,0.7158277124910785,31.336666666666662
ege,base,blf,rugged,21,10.19188805796519,0.7816333955871481,54.53
ege,base,blf,rugged,22,10.332121439058817,0.7724944389992028,53.93
ege,base,blf,rugged,23,14.088085807700574,0.8407694399629696,28.346666666666668
ege,base,blf,rugged,24,10.328741520821955,0.6449737878960388,26.926666666666662
ege,base,blf,rugged,25,7.709036163894058,0.5933402837468279,48.78333333333333
ege,base,blf,rugged,26,9.603715564852294,0.7924733751626927,9.586666666666666
ege,base,blf,rugged,27,10.77007518437351,0.8466362592377482,50.59333333333333
ege,base,blf,rugged,28,7.025619223161045,0.5857008788976898,34.77333333333333
ege,base,blf,rugged,29,8.779161463768212,0.6024317205337263,39.03
ege,base,blf,rugged,30,7.610032207514359,0.8635481478277212,61.18
ege,phi,uncoupled,flat,1,7.514302257544354,0.5853079338865457,50.53
ege,phi,uncoupled,flat,2,11.154627928650743,0.7758548834121851,34.68
ege,phi,uncoupled,flat,3,11.716953926009234,0.6750701607480837,17.026666666666667
ege,phi,uncoupled,flat,4,8.38243851087757,0.6968698450079476,14.426666666666666
ege,phi,uncoupled,flat,5,9.773999638243804,0.6534547918431552,15.886666666666668
ege,phi,uncoupled,flat,6,8.95323813244323,0.6764904389877479,10.966666666666669
ege,phi,uncoupled,flat,7,6.886808140488945,0.5378078071272749,37.49
ege,phi,uncoupled,flat,8,9.424847544818595,0.6299720634429085,53.93333333333333
ege,phi,uncoupled,flat,9,6.400263882368834,0.5240054313370378,56.263333333333335
ege,phi,uncoupled,flat,10,7.361022237016909,0.5446678496624497,33.73
ege,phi,uncoupled,flat,11,10.621872000752148,0.5981193781731259,17.72
ege,phi,uncoupled,flat,12,5.104519866335124,0.5112834973091831,24.67333333333333
ege,phi,uncoupled,flat,13,10.644628581627131,0.631159082063198,21.36
ege,phi,uncoupled,flat,14,8.391260844737369,0.5583216895503726,21.59
ege,phi,uncoupled,flat,15,8.10043154605989,0.592587908815385,24.846666666666668
ege,phi,uncoupled,flat,16,5.699151354933268,0.6737490457292666,49.53333333333333
ege,phi,uncoupled,flat,17,8.054972154739165,0.6258349000912236,34.57666666666667
ege,phi,uncoupled,flat,18,10.421648761201968,0.7145226072554934,38.20666666666666
ege,phi,uncoupled,flat,19,7.603153637358293,0.8704519192643996,26.703333333333333
ege,phi,uncoupled,flat,20,6.298284656544412,0.5360687995530095,37.95666666666666
ege,phi,uncoupled,flat,21,11.615197653573327,0.667304526482085,19.77
ege,phi,uncoupled,flat,22,9.0672869993806,0.6254574433712733,22.256666666666668
ege,phi,uncoupled,flat,23,5.831917880073458,0.528414074634031,58.16
ege,phi,uncoupled,flat,24,8.532707457153512,0.5972961565049534,22.44
ege,phi,uncoupled,flat,25,6.256299615812366,0.5204763257122124,65.83666666666667
ege,phi,uncoupled,flat,26,6.997331265571292,0.5258997468443475,36.54
ege,phi,uncoupled,flat,27,8.235995197969926,0.5590218844823732,40.55
ege,phi,uncoupled,flat,28,10.041513031731489,0.6959629933524487,23.786666666666665
ege,phi,uncoupled,flat,29,7.304660156424465,0.5402399443816084,22.71
ege,phi,uncoupled,flat,30,6.6169946746064285,0.4701915607091065,34.57666666666667
ege,phi,uncoupled,rugged,1,9.26642737385566,0.6872719556465718,25.57
ege,phi,uncoupled,rugged,2,8.442926632048211,0.5996105283629429,28.51333333333333
ege,phi,uncoupled,rugged,3,8.180562339353324,0.6577989774088323,23.96333333333333
ege,phi,uncoupled,rugged,4,7.337216839906656,0.5238979364043039,40.96666666666667
ege,phi,uncoupled,rugged,5,6.032707211240202,0.5135214793671743,20.45
ege,phi,uncoupled,rugged,6,9.16679180006285,0.6687713932321362,24.466666666666665
ege,phi,uncoupled,rugged,7,6.69246587582902,0.4992875654106363,21.25
ege,phi,uncoupled,rugged,8,5.868349718097037,0.5403779960205023,25.266666666666666
ege,phi,uncoupled,rugged,9,8.296825707693108,0.6517564668272744,20.616666666666667
ege,phi,uncoupled,rugged,10,4.813496448173199,0.4158192182845185,29.523333333333333
ege,phi,uncoupled,rugged,11,5.876552014307561,0.5092366684332011,36.92
ege,phi,uncoupled,rugged,12,5.648122215132844,0.5116332551479009,62.77333333333333
ege,phi,uncoupled,rugged,13,11.265202624519556,0.7948968319205069,53.00333333333333
ege,phi,uncoupled,rugged,14,4.897293096162403,0.3939758419494958,23.22
ege,phi,uncoupled,rugged,15,9.94959662387306,0.6813316656502831,30.07
ege,phi,uncoupled,rugged,16,9.688323663809369,0.8071579051898595,58.98333333333333
ege,phi,uncoupled,rugged,17,6.947824627076408,0.5505401727488245,19.136666666666667
ege,phi,uncoupled,rugged,18,7.286151226443517,0.5492084715582395,27.95
ege,phi,uncoupled,rugged,19,7.7252474441813,0.5736601061127463,13.193333333333332
ege,phi,uncoupled,rugged,20,6.702250280449444,0.5372151634566178,15.513333333333334
ege,phi,uncoupled,rugged,21,8.878200981239864,0.7753473821509472,58.223333333333336
ege,phi,uncoupled,rugged,22,6.651729901525594,0.5764660847478282,43.66
ege,phi,uncoupled,rugged,23,6.7875199899912015,0.7214497690914047,29.48
ege,phi,uncoupled,rugged,24,5.922516253002401,0.4868442807547604,24.293333333333333
ege,phi,uncoupled,rugged,25,5.552050300655773,0.4719902489861052,19.543333333333333
ege,phi,uncoupled,rugged,26,6.748659317877226,0.5392435359938876,25.626666666666665
ege,phi,uncoupled,rugged,27,5.616140679605355,0.4878533163357059,40.81666666666667
ege,phi,uncoupled,rugged,28,6.675660817604688,0.5823161250915334,10.19
ege,phi,uncoupled,rugged,29,10.235318462221253,0.8038024625206808,57.32333333333333
ege,phi,uncoupled,rugged,30,4.913597400449392,0.5065087449709684,58.88333333333333
gecko,base,blf,flat,1,21.97902299141448,0.975017586070439,15.25
gecko,base,blf,flat,2,24.418057041009934,0.9623688082183052,5.276666666666666
gecko,base,blf,flat,3,13.809732390740736,0.9120404661496142,11.42
gecko,base,blf,flat,4,13.263055321815656,0.9553082472947736,5.68
gecko,base,blf,flat,5,19.012753463105536,0.9795162074544168,11.47
gecko,base,blf,flat,6,21.63883218930971,0.9506143741665553,14.176666666666666
gecko,base,blf,flat,7,14.311101744247097,0.9633872063080592,6.14
gecko,base,blf,flat,8,14.76840076013861,0.9643117329609598,0.3933333333333333
gecko,base,blf,flat,9,20.942747811509875,0.9758507419484036,5.32
gecko,base,blf,flat,10,19.41964663626452,0.9671387430800146,5.826666666666667
gecko,base,blf,flat,11,22.45020455987582,0.9586608791188912,8.47
gecko,base,blf,flat,12,18.870963961185996,0.9714666084505204,3.12
gecko,base,blf,flat,13,14.322796720860554,0.9611394834803298,1.5933333333333333
gecko,base,blf,flat,14,19.41027152763498,0.977972320537827,3.9266666666666663
gecko,base,blf,flat,15,22.022848643641588,0.9596851271202212,4.49
gecko,base,blf,flat,16,20.721126143519847,0.9732550759941644,8.14
gecko,base,blf,flat,17,21.53438317968744,0.973572450059886,1.11
gecko,base,blf,flat,18,11.77225178989486,0.9202952845454584,3.683333333333333
gecko,base,blf,flat,19,23.43269730685348,0.980113952222089,16.163333333333334
gecko,base,blf,flat,20,19.561441515674243,0.985677570308779,6.873333333333333
gecko,base,blf,flat,21,17.322848718569134,0.966006078798312,4.533333333333333
gecko,base,blf,flat,22,20.198793487837463,0.9735179402138384,1.6866666666666668
gecko,base,blf,flat,23,25.446145031357013,0.975714464302686,17.316666666666666
gecko,base,blf,flat,24,23.75298691062404,0.9837643820333368,17.816666666666666
gecko,base,blf,flat,25,20.235427533408256,0.9830787470718996,14.876666666666669
gecko,base,blf,flat,26,19.269776299514344,0.9768157841699748,5.1
gecko,base,blf,flat,27,17.37332877322575,0.9131824611042588,1.6866666666666668
gecko,base,blf,flat,28,19.69923638932404,0.9751773494699856,3.023333333333333
gecko,base,blf,flat,29,21.09043771439373,0.9597456898026118,11.993333333333334
gecko,base,blf,flat,30,12.691874341509603,0.9640311482718334,1.05
gecko,base,blf,rugged,1,13.973161637585797,0.9356268310215508,3.2666666666666666
gecko,base,blf,rugged,2,14.628451774623391,0.9451196066090426,2.07
gecko,base,blf,rugged,3,19.11101082592992,0.9304918023043732,7.526666666666666
gecko,base,blf,rugged,4,19.13835842113888,0.9420881792691972,13.393333333333333
gecko,base,blf,rugged,5,18.401909671263915,0.9370726792545984,8.353333333333333
gecko,base,blf,rugged,6,18.149572109268952,0.9443955375274096,13.123333333333331
gecko,base,blf,rugged,7,18.042128956970952,0.9486862409928144,13.71
gecko,base,blf,rugged,8,15.471802019090918,0.9253811293624268,3.5733333333333333
gecko,base,blf,rugged,9,10.524413043595862,0.868369160079406,20.576666666666668
gecko,base,blf,rugged,10,10.786102453987302,0.9183603601721648,16.786666666666665
gecko,base,blf,rugged,11,16.145695782560264,0.9488074432497896,7.003333333333333
gecko,base,blf,rugged,12,17.052732249174866,0.9515295144863044,10.596666666666666
gecko,base,blf,rugged,13,17.019370147563137,0.9636638179638564,16.1
gecko,base,blf,rugged,14,17.772048131067773,0.95569074271346,14.93
gecko,base,blf,rugged,15,18.742941210061776,0.9521286816852788,19.07
gecko,base,blf,rugged,16,19.14314663816129,0.9512982057025152,13.186666666666667
gecko,base,blf,rugged,17,18.00856562060019,0.9682913103660472,8.333333333333334
gecko,base,blf,rugged,18,18.46918179301383,0.9738156788854596,17.486666666666668
gecko,base,blf,rugged,19,16.80777370131155,0.955116779669492,12.033333333333331
gecko,base,blf,rugged,20,16.637128662417048,0.948388695635286,13.623333333333331
gecko,base,blf,rugged,21,18.799867196585417,0.9584817240657384,16.176666666666666
gecko,base,blf,rugged,22,17.229992178340655,0.955234292342714,15.12
gecko,base,blf,rugged,23,13.728712229857347,0.9591700332524716,4.543333333333333
gecko,base,blf,rugged,24,17.711084377163537,0.9425444849334752,1.67
gecko,base,blf,rugged,25,18.816221287944003,0.9644076510880868,17.14
gecko,base,blf,rugged,26,16.98548947598247,0.9545261774626592,1.7666666666666666
gecko,base,blf,rugged,27,18.535286954227114,0.9573947727523032,21.703333333333333
gecko,base,blf,rugged,28,18.58645743719409,0.92723255533474,13.843333333333334
gecko,base,blf,rugged,29,15.905482796741,0.894884049552505,14.69
gecko,base,blf,rugged,30,18.255005400698817,0.931136572980932,16.156666666666666
gecko,phi,uncoupled,flat,1,21.250685451194254,0.9690537372702404,2.303333333333333
gecko,phi,uncoupled,flat,2,8.541794765109413,0.7655786276582138,8.013333333333334
gecko,phi,uncoupled,flat,3,6.598377553034844,0.6100459375060838,50.04666666666667
gecko,phi,uncoupled,flat,4,4.938960635145725,0.5687946641297006,2.2666666666666666
gecko,phi,uncoupled,flat,5,12.06850722545023,0.955790025405188,6.683333333333334
gecko,phi,uncoupled,flat,6,8.593992906509328,0.7953404273800377,0.7766666666666666
gecko,phi,uncoupled,flat,7,13.16516644343494,0.9545224796951076,7.223333333333334
gecko,phi,uncoupled,flat,8,12.876271551409165,0.964188320209984,0.7633333333333333
gecko,phi,uncoupled,flat,9,6.442345632402246,0.5994014083170217,49.083333333333336
gecko,phi,uncoupled,flat,10,12.195066886986988,0.9406590718481946,1.23
gecko,phi,uncoupled,flat,11,12.626618475333787,0.9740875716968114,0.1866666666666666
gecko,phi,uncoupled,flat,12,12.029112161592106,0.912717229039296,0.17
gecko,phi,uncoupled,flat,13,5.938836722353698,0.6242464108650095,6.98
gecko,phi,uncoupled,flat,14,8.642072379621661,0.8090560211714565,1.8733333333333333
gecko,phi,uncoupled,flat,15,13.70503131876722,0.9640216005911624,5.793333333333333
gecko,phi,uncoupled,flat,16,6.50206775440251,0.5907460905872318,49.656666666666666
gecko,phi,uncoupled,flat,17,5.51891324909616,0.540813177531044,0.9133333333333332
gecko,phi,uncoupled,flat,18,7.98853086695752,0.8579197332453227,10.853333333333332
gecko,phi,uncoupled,flat,19,10.20225544303096,0.8762769282178516,9.83
gecko,phi,uncoupled,flat,20,6.326167284199982,0.5594253042226865,53.31666666666667
gecko,phi,uncoupled,flat,21,9.231793000244608,0.878339287622235,1.143333333333333
gecko,phi,uncoupled,flat,22,6.561521723936946,0.5979195716848789,49.946666666666665
gecko,phi,uncoupled,flat,23,7.426591467012671,0.6173547264630193,1.07
gecko,phi,uncoupled,flat,24,4.762233067926806,0.6045382510531758,11.953333333333331
gecko,phi,uncoupled,flat,25,12.786929605197,0.8841343722684631,8.483333333333333
gecko,phi,uncoupled,flat,26,11.760822590931609,0.9250560987186552,35.57333333333333
gecko,phi,uncoupled,flat,27,13.193181809418483,0.9584069529907868,0.1733333333333333
gecko,phi,uncoupled,flat,28,7.863062932018259,0.7805298296740709,7.176666666666667
gecko,phi,uncoupled,flat,29,8.265495473681035,0.9141030304200564,6.523333333333333
gecko,phi,uncoupled,flat,30,6.463426034406759,0.6053889188659607,47.333333333333336
gecko,phi,uncoupled,rugged,1,12.622494049782372,0.9067974621247196,4.746666666666667
gecko,phi,uncoupled,rugged,2,7.527322076774201,0.837015892997075,20.57333333333333
gecko,phi,uncoupled,rugged,3,12.583793567654542,0.9557958708667108,8.17
gecko,phi,uncoupled,rugged,4,15.83999914382684,0.930661169744628,11.686666666666667
gecko,phi,uncoupled,rugged,5,12.03668440974727,0.9406518716458908,9.243333333333334
gecko,phi,uncoupled,rugged,6,9.113888402452291,0.7781981308487252,6.873333333333333
gecko,phi,uncoupled,rugged,7,9.751072492490035,0.8051536864328012,2.64
gecko,phi,uncoupled,rugged,8,12.009342170886685,0.8754094757447037,11.403333333333334
gecko,phi,uncoupled,rugged,9,17.781637265044306,0.9589176210316256,5.326666666666667
gecko,phi,uncoupled,rugged,10,9.614214304793292,0.9327231240140816,30.34
gecko,phi,uncoupled,rugged,11,12.73815508499796,0.9055472914534164,9.806666666666668
gecko,phi,uncoupled,rugged,12,6.835444724052966,0.7681130143743521,11.41
gecko,phi,uncoupled,rugged,13,9.321854336919642,0.8260615989003574,12.073333333333334
gecko,phi,uncoupled,rugged,14,7.831335828540211,0.8425392304850577,1.4366666666666668
gecko,phi,uncoupled,rugged,15,7.377604595047866,0.7460386788477824,32.63666666666666
gecko,phi,uncoupled,rugged,16,11.045058764515732,0.9267868852226488,3.7466666666666666
gecko,phi,uncoupled,rugged,17,11.122310944440516,0.95525966726238,14.67
gecko,phi,uncoupled,rugged,18,15.15228757872955,0.9511293832407232,13.856666666666667
gecko,phi,uncoupled,rugged,19,10.19132881127203,0.8518794111203618,6.83
gecko,phi,uncoupled,rugged,20,6.557406031060139,0.7282007474652721,18.456666666666667
gecko,phi,uncoupled,rugged,21,15.85838400902949,0.9534512916735332,3.843333333333333
gecko,phi,uncoupled,rugged,22,7.567813868369472,0.8486077354877871,3.25
gecko,phi,uncoupled,rugged,23,6.927202099098466,0.8048856724280022,16.143333333333334
gecko,phi,uncoupled,rugged,24,8.377591645222148,0.887087985401235,0.32
gecko,phi,uncoupled,rugged,25,7.541978808800883,0.8884843868997199,14.866666666666667
gecko,phi,uncoupled,rugged,26,11.9314923336706,0.941861223517541,6.763333333333334
gecko,phi,uncoupled,rugged,27,6.733505696953578,0.7534005376659518,4.663333333333333
gecko,phi,uncoupled,rugged,28,12.1559745419424,0.88539832156001,9.89
gecko,phi,uncoupled,rugged,29,9.361149408158816,0.869804864965622,0.68
gecko,phi,uncoupled,rugged,30,12.18926714815052,0.9182645892090672,12.513333333333334
insect,base,blf,flat,1,17.68446858134246,0.9014366298354788,60.17
insect,base,blf,flat,2,14.19325471287913,0.8999678560313216,60.14666666666667
insect,base,blf,flat,3,16.6363769149763,0.926890632291872,60.43333333333333
insect,base,blf,flat,4,18.530028719512373,0.8969335198183195,64.08333333333333
insect,base,blf,flat,5,20.437884347073556,0.9499500280738776,59.21333333333333
insect,base,blf,flat,6,17.758132979541937,0.9254833221245752,67.97666666666667
insect,base,blf,flat,7,10.903578602269247,0.8871274401926422,86.55666666666667
insect,base,blf,flat,8,15.68077268888337,0.9389338268827409,44.23333333333333
insect,base,blf,flat,9,16.737825609281224,0.9370755027182642,46.37
insect,base,blf,flat,10,14.415410071067654,0.8938867637540316,48.57333333333333
insect,base,blf,flat,11,13.961677873103856,0.8674271624664025,59.38333333333333
insect,base,blf,flat,12,11.7381039602246,0.8883266115787477,81.44
insect,base,blf,flat,13,16.06701461471489,0.8944593424257906,55.64666666666667
insect,base,blf,flat,14,13.683106428986951,0.92782157800709,52.04333333333334
insect,base,blf,flat,15,15.951835480491177,0.9369669699543434,51.41
insect,base,blf,flat,16,12.419072172401506,0.8965687641156889,54.153333333333336
insect,base,blf,flat,17,18.18415745455925,0.932247793088638,57.27333333333333
insect,base,blf,flat,18,16.441923501896778,0.9198738080037512,64.37333333333333
insect,base,blf,flat,19,18.496388851133872,0.9303026511547275,59.056666666666665
insect,base,blf,flat,20,10.706277068232904,0.905706374126236,71.86333333333333
insect,base,blf,flat,21,13.314457987970863,0.9614960837270454,48.86333333333334
insect,base,blf,flat,22,17.454854642838356,0.9123348982051194,59.92666666666667
insect,base,blf,flat,23,13.648796653610551,0.8952792830402757,69.25
insect,base,blf,flat,24,18.315947244515947,0.9343493086678588,59.373333333333335
insect,base,blf,flat,25,18.93783779126773,0.8879244388225804,56.656666666666666
insect,base,blf,flat,26,11.792964135659254,0.8845880391766631,82.75666666666666
insect,base,blf,flat,27,21.17865232843473,0.8786374949743044,46.09333333333333
insect,base,blf,flat,28,11.686656168636269,0.8917541416271031,83.18666666666667
insect,base,blf,flat,29,15.90443745458935,0.9090100952591184,64.44333333333333
insect,base,blf,flat,30,19.482255609590684,0.9204740510033212,42.41333333333333
insect,base,blf,rugged,1,14.083286149479251,0.9061626649025464,49.16
insect,base,blf,rugged,2,12.71360876037675,0.8690729206960471,53.31
insect,base,blf,rugged,3,10.266968878566514,0.8713319254383427,85.33333333333333
insect,base,blf,rugged,4,10.457103052282706,0.7887550261262053,67.20333333333333
insect,base,blf,rugged,5,14.362826753994272,0.9170424025753452,48.17
insect,base,blf,rugged,6,13.815920378999412,0.8756905812429021,44.223333333333336
insect,base,blf,rugged,7,9.607661194450287,0.8144895248763812,81.35666666666667
insect,base,blf,rugged,8,10.213216840821948,0.8480757035824696,75.57666666666667
insect,base,blf,rugged,9,15.638867612573875,0.9020630083246256,58.20666666666666
insect,base,blf,rugged,10,15.74635771097425,0.9096004715310188,61.36
insect,base,blf,rugged,11,13.041272317350549,0.9280620136444816,50.35
insect,base,blf,rugged,12,11.321902330343288,0.835345160541568,59.583333333333336
insect,base,blf,rugged,13,14.387268519957583,0.8579718572614148,63.34
insect,base,blf,rugged,14,16.03232360659879,0.9058976870057016,58.36
insect,base,blf,rugged,15,15.118104410959798,0.8661525365842148,62.95666666666666
insect,base,blf,rugged,16,14.070103428212027,0.8354864528349674,70.82666666666667
insect,base,blf,rugged,17,15.320207707193372,0.9047770916813836,60.42333333333333
insect,base,blf,rugged,18,15.216873021837293,0.8975042844610631,50.836666666666666
insect,base,blf,rugged,19,14.017086993922048,0.8947434621797109,45.73333333333333
insect,base,blf,rugged,20,13.797327752377528,0.8521595223472862,65.93666666666667
insect,base,blf,rugged,21,11.16074693478213,0.9104900923878346,52.36333333333334
insect,base,blf,rugged,22,10.163784851345545,0.8028255792915396,72.47333333333333
insect,base,blf,rugged,23,15.200302155128051,0.8630548343758889,45.0
insect,base,blf,rugged,24,10.085267922611964,0.8397294639544387,84.9
insect,base,blf,rugged,25,14.743895191473191,0.8637217837553034,50.57333333333333
insect,base,blf,rugged,26,14.086587510559822,0.8975700162581408,53.26
insect,base,blf,rugged,27,14.13361246304483,0.8608943905058732,62.22666666666667
insect,base,blf,rugged,28,9.9421007579554,0.7873690889434524,71.45333333333333
insect,base,blf,rugged,29,13.13273196665642,0.8483641855515833,56.45666666666666
insect,base,blf,rugged,30,15.324089975445856,0.8399206762222438,48.876666666666665
insect,phi,uncoupled,flat,1,11.127299152383744,0.8837131373968615,47.54666666666667
insect,phi,uncoupled,flat,2,15.89497183716568,0.9058891410541616,60.79666666666667
insect,phi,uncoupled,flat,3,11.375499564306216,0.8915799850650034,53.763333333333335
insect,phi,uncoupled,flat,4,11.21321308843048,0.9134671978093132,54.33
insect,phi,uncoupled,flat,5,6.576271723958127,0.6482345228615413,78.58
insect,phi,uncoupled,flat,6,12.077441190926304,0.924826435049514,62.57333333333333
insect,phi,uncoupled,flat,7,7.18318613920621,0.7587954321957,63.26
insect,phi,uncoupled,flat,8,7.428455696431672,0.7879739842290153,85.75333333333333
insect,phi,uncoupled,flat,9,11.03841571743046,0.8848661329932787,49.99333333333333
insect,phi,uncoupled,flat,10,10.51883030820142,0.8796812852840684,74.22333333333333
insect,phi,uncoupled,flat,11,9.112162638373247,0.8202543570050466,55.57666666666667
insect,phi,uncoupled,flat,12,7.924942876868813,0.8415408583641112,64.08
insect,phi,uncoupled,flat,13,11.863163723603554,0.9056633649486892,62.97666666666667
insect,phi,uncoupled,flat,14,9.7256519060165,0.8387362532447373,52.86
insect,phi,uncoupled,flat,15,10.598211101385113,0.901926863605126,56.45
insect,phi,uncoupled,flat,16,10.537425943197936,0.8965092713687642,80.21
insect,phi,uncoupled,flat,17,10.544666510012988,0.8686229111944738,48.29
insect,phi,uncoupled,flat,18,10.492546505250187,0.8539877413762242,46.00666666666667
insect,phi,uncoupled,flat,19,11.72854233399617,0.901111184223878,54.406666666666666
insect,phi,uncoupled,flat,20,15.2047192581912,0.9479185687226516,43.806666666666665
insect,phi,uncoupled,flat,21,15.470044683879308,0.8584167182814598,68.16333333333333
insect,phi,uncoupled,flat,22,12.217911686818509,0.8674995827841033,49.79333333333334
insect,phi,uncoupled,flat,23,11.024956594248184,0.9029006601394608,49.06666666666667
insect,phi,uncoupled,flat,24,10.964064169340563,0.9049412739254648,49.04666666666667
insect,phi,uncoupled,flat,25,11.388678151776976,0.923094755405206,63.49333333333333
insect,phi,uncoupled,flat,26,10.182334476118347,0.8589257179779217,52.77666666666666
insect,phi,uncoupled,flat,27,9.227260016050131,0.8035213596448417,65.11666666666666
insect,phi,uncoupled,flat,28,8.313430641216248,0.787432939915192,58.68333333333333
insect,phi,uncoupled,flat,29,4.915650985656882,0.6550962788874045,65.26666666666667
insect,phi,uncoupled,flat,30,10.352810186312672,0.829015937318198,73.32333333333334
insect,phi,uncoupled,rugged,1,9.116256877729525,0.8296214627499316,82.26333333333334
insect,phi,uncoupled,rugged,2,7.499256833231032,0.8173118266347363,63.4
insect,phi,uncoupled,rugged,3,9.932712065918489,0.8522544124719321,67.15666666666667
insect,phi,uncoupled,rugged,4,9.683749103964407,0.8606621693065049,59.18
insect,phi,uncoupled,rugged,5,10.269158996819671,0.8808281301647752,52.71333333333333
insect,phi,uncoupled,rugged,6,10.487040921793811,0.869780014594207,50.32
insect,phi,uncoupled,rugged,7,9.154088306610532,0.8125713663414469,53.32
insect,phi,uncoupled,rugged,8,11.896455913268458,0.8085496528936003,83.06
insect,phi,uncoupled,rugged,9,8.870093970522117,0.8209846456589247,60.25333333333333
insect,phi,uncoupled,rugged,10,9.936676477823433,0.851255245672842,48.52666666666666
insect,phi,uncoupled,rugged,11,6.273041019042772,0.7647419516106331,89.38333333333334
insect,phi,uncoupled,rugged,12,9.06054330627514,0.8087020430589216,68.86666666666666
insect,phi,uncoupled,rugged,13,11.865305257203062,0.8345275225949834,62.81333333333333
insect,phi,uncoupled,rugged,14,7.01035212404954,0.7249567639963209,85.24666666666667
insect,phi,uncoupled,rugged,15,9.72162610044874,0.8235162853619159,63.54
insect,phi,uncoupled,rugged,16,4.048110750060174,0.3928602689444682,75.23333333333333
insect,phi,uncoupled,rugged,17,7.775138430386946,0.7063063638518298,61.88333333333333
insect,phi,uncoupled,rugged,18,6.513409600036908,0.7966835404923901,79.88666666666667
insect,phi,uncoupled,rugged,19,10.058933244202771,0.8798613828516443,58.656666666666666
insect,phi,uncoupled,rugged,20,10.27204082961977,0.8654731830842097,56.34
insect,phi,uncoupled,rugged,21,7.541832600797551,0.6493155661870202,65.50333333333333
insect,phi,uncoupled,rugged,22,7.516444738151803,0.7883718694673085,61.99666666666667
insect,phi,uncoupled,rugged,23,9.030051581533376,0.7775777945732651,49.51
insect,phi,uncoupled,rugged,24,12.234051366393386,0.8532423269235647,54.96
insect,phi,uncoupled,rugged,25,8.860883886249942,0.8009775920730596,57.986666666666665
insect,phi,uncoupled,rugged,26,13.036271725538972,0.8681158165977549,62.903333333333336
insect,phi,uncoupled,rugged,27,12.661955429312869,0.8489578668218476,78.07
insect,phi,uncoupled,rugged,28,11.893560130027256,0.8487444945544507,74.15
insect,phi,uncoupled,rugged,29,9.69185674361585,0.8581414274375272,54.693333333333335
insect,phi,uncoupled,rugged,30,9.336107183537315,0.809817797623283,64.75666666666666
queen,base,blf,flat,1,19.756700300665337,0.9378976669319934,44.55
queen,base,blf,flat,2,18.564873051421813,0.9312555155644912,50.82666666666667
queen,base,blf,flat,3,16.560732361662847,0.9153553896176128,61.88333333333333
queen,base,blf,flat,4,10.77194817401329,0.6856814030504458,38.07333333333333
queen,base,blf,flat,5,17.722572458512797,0.91205227518312,44.52333333333333
queen,base,blf,flat,6,11.412256996325748,0.7819024972848192,32.88333333333333
queen,base,blf,flat,7,19.484251825700117,0.954669241151496,47.75333333333333
queen,base,blf,flat,8,20.926062404242803,0.967126124552079,48.833333333333336
queen,base,blf,flat,9,11.99035325798395,0.8616155396783797,51.723333333333336
queen,base,blf,flat,10,11.212215577374195,0.8710794763597318,36.46666666666667
queen,base,blf,flat,11,20.19495661706499,0.9385852508801928,44.57333333333333
queen,base,blf,flat,12,12.518132173755273,0.814693382705015,25.736666666666668
queen,base,blf,flat,13,20.987867539766015,0.9642341644987282,42.91
queen,base,blf,flat,14,7.748360895832267,0.7294594956398951,44.906666666666666
queen,base,blf,flat,15,17.994940828588312,0.9260362735354792,54.49
queen,base,blf,flat,16,8.499421548556818,0.8038639645123277,43.74333333333333
queen,base,blf,flat,17,17.892557955032927,0.9329274633896668,37.553333333333335
queen,base,blf,flat,18,19.21184401060436,0.9316179072738876,46.20666666666666
queen,base,blf,flat,19,13.860831006100575,0.8915603245995939,50.42333333333333
queen,base,blf,flat,20,18.01720786962336,0.93192110266784,56.31
queen,base,blf,flat,21,20.805494652007187,0.961982112515154,46.973333333333336
queen,base,blf,flat,22,13.41909003502758,0.8835813000738245,51.46
queen,base,blf,flat,23,9.355895021833508,0.7868678204959129,39.72666666666667
queen,base,blf,flat,24,16.812390116768412,0.9559863739310308,58.09
queen,base,blf,flat,25,9.199836243386304,0.7296392104158406,39.71
queen,base,blf,flat,26,18.291266493833955,0.9278713316778502,62.053333333333335
queen,base,blf,flat,27,10.564977133260603,0.8181051740905115,38.13333333333333
queen,base,blf,flat,28,17.394997429444285,0.9225777611013768,54.42333333333333
queen,base,blf,flat,29,14.85193396334589,0.8763028905819532,58.52666666666666
queen,base,blf,flat,30,19.74335423976537,0.9542825159787816,49.61333333333334
queen,base,blf,rugged,1,13.334334234661004,0.7974263327232987,59.36333333333334
queen,base,blf,rugged,2,14.010499146578596,0.8662308448786482,59.61
queen,base,blf,rugged,3,8.74015687671927,0.7542899781750245,56.81333333333333
queen,base,blf,rugged,4,18.23947285753179,0.913146870849976,41.19
queen,base,blf,rugged,5,14.131761604375946,0.8284853956671097,54.84666666666666
queen,base,blf,rugged,6,17.24881193452687,0.9135876093464111,42.21
queen,base,blf,rugged,7,15.020231702165855,0.8798432823107301,55.92
queen,base,blf,rugged,8,15.839905960403804,0.8941045737060697,54.99333333333333
queen,base,blf,rugged,9,15.02886384521661,0.8804714252082638,61.016666666666666
queen,base,blf,rugged,10,15.613499495995082,0.8969064753927016,47.403333333333336
queen,base,blf,rugged,11,15.305277802832356,0.8772700381658851,52.44
queen,base,blf,rugged,12,11.70032528923099,0.909139390360846,64.64
queen,base,blf,rugged,13,14.539010144436528,0.8667540313735255,57.17333333333333
queen,base,blf,rugged,14,7.575168009497172,0.64228258790163,44.99
queen,base,blf,rugged,15,14.852865520689845,0.8793139459722793,52.69
queen,base,blf,rugged,16,10.064126945861858,0.7974785688754424,53.99333333333333
queen,base,blf,rugged,17,9.080366372247909,0.7838935019450948,59.67333333333333
queen,base,blf,rugged,18,9.555383919513144,0.7859373471713615,53.14
queen,base,blf,rugged,19,14.636480250743809,0.8785082820184716,57.373333333333335
queen,base,blf,rugged,20,7.115190242221012,0.7033617735799473,61.333333333333336
queen,base,blf,rugged,21,15.593228202854924,0.9033068264181552,55.81666666666667
queen,base,blf,rugged,22,15.732232217549814,0.9028092032689624,46.973333333333336
queen,base,blf,rugged,23,16.722072393304323,0.9202226848585484,46.14666666666667
queen,base,blf,rugged,24,13.07268445538742,0.8602991037052203,64.57666666666667
queen,base,blf,rugged,25,9.290532747392552,0.7670545036204444,43.05
queen,base,blf,rugged,26,9.168376196998512,0.7735969096995374,50.85333333333333
queen,base,blf,rugged,27,16.994392844760096,0.9242690474065738,45.68
queen,base,blf,rugged,28,15.866907145238814,0.9098881412121994,45.96666666666667
queen,base,blf,rugged,29,16.781630695808445,0.9220707371032492,44.53333333333333
queen,base,blf,rugged,30,14.485735460822283,0.8816987129805225,49.99666666666667
queen,phi,uncoupled,flat,1,5.3541596522080805,0.4818953659870001,50.44
queen,phi,uncoupled,flat,2,5.01547517878514,0.4621618046279605,43.61333333333334
queen,phi,uncoupled,flat,3,18.37800835671064,0.9368444203225094,51.77666666666666
queen,phi,uncoupled,flat,4,4.894001398355321,0.4568893782840854,53.71333333333333
queen,phi,uncoupled,flat,5,4.999165382482074,0.4440252925928468,51.00333333333333
queen,phi,uncoupled,flat,6,5.726780963432794,0.4562990246930671,40.42666666666667
queen,phi,uncoupled,flat,7,10.928373880028866,0.8302849366139538,68.16
queen,phi,uncoupled,flat,8,15.926570375522733,0.8953699466804557,43.72666666666667
queen,phi,uncoupled,flat,9,14.972496996402889,0.883579057356348,52.94
queen,phi,uncoupled,flat,10,12.220085233697764,0.8696399133088196,61.52333333333333
queen,phi,uncoupled,flat,11,11.56150212523182,0.8468588906726933,51.18666666666667
queen,phi,uncoupled,flat,12,14.849709670773292,0.9047534387088664,68.93333333333334
queen,phi,uncoupled,flat,13,5.070148289903268,0.4932477633896831,50.22666666666667
queen,phi,uncoupled,flat,14,4.830261825981029,0.4728582507268873,44.03666666666667
queen,phi,uncoupled,flat,15,12.015692767818262,0.856264380307388,65.02666666666667
queen,phi,uncoupled,flat,16,4.704039990123597,0.4370251446663425,63.36
queen,phi,uncoupled,flat,17,19.451188892591038,0.9338129311420356,46.07666666666667
queen,phi,uncoupled,flat,18,4.745727762576068,0.4405644756379044,32.17
queen,phi,uncoupled,flat,19,3.5712964831410146,0.5126331643878893,76.04
queen,phi,uncoupled,flat,20,18.011701407285315,0.9378680577415532,55.26
queen,phi,uncoupled,flat,21,3.823972900778728,0.6364535017393093,61.67
queen,phi,uncoupled,flat,22,8.941527688021992,0.7854459600006121,71.84333333333333
queen,phi,uncoupled,flat,23,16.440061361508416,0.8988340175044255,63.2
queen,phi,uncoupled,flat,24,4.573065039974242,0.4317884861103854,43.51
queen,phi,uncoupled,flat,25,17.562476277815176,0.9267644106991532,49.91
queen,phi,uncoupled,flat,26,5.608064956331169,0.5132891406478269,62.513333333333335
queen,phi,uncoupled,flat,27,4.8149729178418506,0.4347874981138528,56.53
queen,phi,uncoupled,flat,28,13.386005433242447,0.8694773725363398,63.28666666666667
queen,phi,uncoupled,flat,29,4.883671602150485,0.4537061736840739,46.81333333333333
queen,phi,uncoupled,flat,30,6.134337233325076,0.698961356835598,40.21666666666667
queen,phi,uncoupled,rugged,1,2.4897898572133905,0.4542889243439429,73.00666666666666
queen,phi,uncoupled,rugged,2,4.648819674831048,0.4324557087808133,58.763333333333335
queen,phi,uncoupled,rugged,3,9.920934975946032,0.7774545660738366,60.78
queen,phi,uncoupled,rugged,4,7.925953596288105,0.7248882914736796,74.37666666666667
queen,phi,uncoupled,rugged,5,6.357935402645434,0.6912796832551812,57.03333333333333
queen,phi,uncoupled,rugged,6,9.029845719610805,0.7772965555016466,64.35
queen,phi,uncoupled,rugged,7,9.515078783355673,0.7462055885876244,73.63333333333334
queen,phi,uncoupled,rugged,8,10.327514319082644,0.8125710171452691,69.87
queen,phi,uncoupled,rugged,9,9.707452858039328,0.8774080080905547,63.05
queen,phi,uncoupled,rugged,10,4.260916371186705,0.3395529434355697,50.07666666666667
queen,phi,uncoupled,rugged,11,5.292589377568814,0.4696789793903289,47.43666666666667
queen,phi,uncoupled,rugged,12,4.736529670170431,0.425539276380648,53.68666666666667
queen,phi,uncoupled,rugged,13,11.990206243659124,0.824686461716943,67.22666666666667
queen,phi,uncoupled,rugged,14,3.7518662740260407,0.4200340872909921,50.60666666666667
queen,phi,uncoupled,rugged,15,4.39171678158902,0.3897352260533882,32.906666666666666
queen,phi,uncoupled,rugged,16,4.963941514254735,0.4678309703437859,56.41333333333333
queen,phi,uncoupled,rugged,17,12.530717060517558,0.7845533981606915,61.65
queen,phi,uncoupled,rugged,18,4.436438234236656,0.4175136244130916,43.96333333333333
queen,phi,uncoupled,rugged,19,11.162322072300585,0.8230293898747664,60.11333333333334
queen,phi,uncoupled,rugged,20,4.559086932921855,0.4437644606420295,42.99666666666667
queen,phi,uncoupled,rugged,21,9.777496050072616,0.7696955292301403,62.34333333333333
queen,phi,uncoupled,rugged,22,15.193162163676394,0.8518373561187667,60.91666666666666
queen,phi,uncoupled,rugged,23,4.859353064215879,0.4684877247297651,51.97666666666667
queen,phi,uncoupled,rugged,24,3.819018239517809,0.3682285291667682,27.973333333333333
queen,phi,uncoupled,rugged,25,3.399284834053245,0.3789149081966644,46.443333333333335
queen,phi,uncoupled,rugged,26,10.64206100485756,0.8111497131628114,65.62333333333333
queen,phi,uncoupled,rugged,27,4.791325782657029,0.4245960092532804,46.8
queen,phi,uncoupled,rugged,28,9.47861899684837,0.8133614840250751,60.7
queen,phi,uncoupled,rugged,29,8.606325747319472,0.7797879036488773,46.13666666666666
queen,phi,uncoupled,rugged,30,10.774479751175203,0.7454005485772035,64.47
spider,base,blf,flat,1,15.922882026165349,0.9151585793534408,40.06
spider,base,blf,flat,2,16.846397131522483,0.9491493610131704,40.85333333333333
spider,base,blf,flat,3,15.842771425314035,0.798704974387667,36.82333333333333
spider,base,blf,flat,4,19.1263823564162,0.8065245214539396,6.713333333333333
spider,base,blf,flat,5,17.100913997630276,0.8341076261250132,5.23
spider,base,blf,flat,6,16.948139806767035,0.8640272195007463,12.623333333333331
spider,base,blf,flat,7,13.643756967382904,0.924654603837572,21.736666666666668
spider,base,blf,flat,8,17.620881249310393,0.93849235403951,36.016666666666666
spider,base,blf,flat,9,12.841347710460347,0.9145975547335216,33.31
spider,base,blf,flat,10,17.304839270456952,0.9280049033284798,37.77666666666666
spider,base,blf,flat,11,12.532181219369624,0.8713489871101492,2.26
spider,base,blf,flat,12,12.20799754392484,0.8993568700958127,45.46333333333333
spider,base,blf,flat,13,20.854867751810445,0.8462417441416112,12.453333333333331
spider,base,blf,flat,14,16.90047897706376,0.7369441402697559,29.933333333333334
spider,base,blf,flat,15,16.33545744120836,0.9197103699597428,38.21
spider,base,blf,flat,16,16.22798620688001,0.7825371038667669,25.0
spider,base,blf,flat,17,15.511645692552124,0.9090465626507463,42.59333333333333
spider,base,blf,flat,18,19.94020021614062,0.845988742499478,1.9633333333333332
spider,base,blf,flat,19,17.971657682277673,0.8752262705170107,8.956666666666667
spider,base,blf,flat,20,19.351569735905134,0.8687224105281589,19.13
spider,base,blf,flat,21,12.657358942051523,0.8845483217142603,14.493333333333334
spider,base,blf,flat,22,14.054541036659394,0.9016390846120446,53.306666666666665
spider,base,blf,flat,23,17.533806181853475,0.8021595309272405,0.5466666666666666
spider,base,blf,flat,24,15.372910667512592,0.9209113047557792,40.92666666666667
spider,base,blf,flat,25,12.21083581673509,0.8264689899875488,1.06
spider,base,blf,flat,26,17.137984344074606,0.8324702631034155,16.406666666666666
spider,base,blf,flat,27,20.590277568715894,0.8684963184437545,5.066666666666666
spider,base,blf,flat,28,13.989849446264566,0.9257259537189612,46.46666666666667
spider,base,blf,flat,29,15.945005047307042,0.7659083772290523,1.106666666666667
spider,base,blf,flat,30,10.495821432382249,0.861125764537643,54.61666666666667
spider,base,blf,rugged,1,13.226044584064445,0.8285712643381979,42.00666666666667
spider,base,blf,rugged,2,13.179870915174527,0.8155297107962011,43.48
spider,base,blf,rugged,3,14.186961445485748,0.8945092548549457,7.506666666666667
spider,base,blf,rugged,4,16.571240504118887,0.8118487624007603,1.11
spider,base,blf,rugged,5,15.114316723489054,0.7976316282478977,3.0033333333333334
spider,base,blf,rugged,6,14.475562023668113,0.8412732782317534,39.34666666666666
spider,base,blf,rugged,7,10.769767869373345,0.7898652457617236,6.63
spider,base,blf,rugged,8,11.012233816303198,0.8511407715363817,54.9
spider,base,blf,rugged,9,11.341244484554316,0.899744264201478,55.60333333333333
spider,base,blf,rugged,10,11.482787530871702,0.873581971086278,41.306666666666665
spider,base,blf,rugged,11,11.062222300344494,0.7990632007356694,44.193333333333335
spider,base,blf,rugged,12,11.368276004234046,0.7646194404912187,46.0
spider,base,blf,rugged,13,12.460087580253004,0.9241110577363888,53.49666666666667
spider,base,blf,rugged,14,14.237324220790272,0.7660517480960212,23.84
spider,base,blf,rugged,15,14.60823285923517,0.8966160904210605,37.26
spider,base,blf,rugged,16,15.5219456774869,0.8870875237446652,10.713333333333331
spider,base,blf,rugged,17,15.598238892861245,0.7507467483224292,3.273333333333333
spider,base,blf,rugged,18,16.186220667574442,0.7737317830762755,1.0333333333333334
spider,base,blf,rugged,19,12.25666432368652,0.892469123206308,29.84
spider,base,blf,rugged,20,11.436785877903086,0.8560958591122575,7.3
spider,base,blf,rugged,21,15.644811870230097,0.8807277436302242,1.0533333333333332
spider,base,blf,rugged,22,13.705754218376594,0.8948950818701729,40.303333333333335
spider,base,blf,rugged,23,15.57098194542662,0.802231145674134,6.303333333333334
spider,base,blf,rugged,24,12.198823407638065,0.9237177728726214,57.266666666666666
spider,base,blf,rugged,25,12.017948206243627,0.8897131826495884,48.17
spider,base,blf,rugged,26,12.08621010724506,0.9092143872324472,52.14
spider,base,blf,rugged,27,13.401319181883958,0.900222785715614,41.486666666666665
spider,base,blf,rugged,28,12.747921388437836,0.8429303300536383,51.53
spider,base,blf,rugged,29,10.439399873403357,0.7663725501119989,16.483333333333334
spider,base,blf,rugged,30,13.829097607197037,0.869977247445664,40.67333333333333
spider,phi,uncoupled,flat,1,13.89746654651691,0.8881886788578254,42.41666666666666
spider,phi,uncoupled,flat,2,11.18860713115616,0.6776836743624419,20.12
spider,phi,uncoupled,flat,3,6.15434523243899,0.6172694568814602,34.86333333333334
spider,phi,uncoupled,flat,4,7.633647094185551,0.5271434125328419,16.676666666666666
spider,phi,uncoupled,flat,5,8.587053290752353,0.4882571175217006,7.156666666666666
spider,phi,uncoupled,flat,6,10.933795162911071,0.8868449820829359,22.13
spider,phi,uncoupled,flat,7,5.7007396085782895,0.4846401316232001,49.36666666666667
spider,phi,uncoupled,flat,8,9.334987847872824,0.8270262808937459,59.93333333333333
spider,phi,uncoupled,flat,9,14.106761743991417,0.7601145110627584,28.76333333333333
spider,phi,uncoupled,flat,10,5.525010050574815,0.4900360385995509,25.48
spider,phi,uncoupled,flat,11,7.93472896178564,0.8353483893990988,35.56666666666667
spider,phi,uncoupled,flat,12,9.65604050121394,0.775318178200656,49.83
spider,phi,uncoupled,flat,13,9.2662799619604,0.7444077552711713,16.606666666666666
spider,phi,uncoupled,flat,14,8.421448492273433,0.5162188861059394,4.826666666666667
spider,phi,uncoupled,flat,15,13.02405503362174,0.9211148286798222,36.16666666666666
spider,phi,uncoupled,flat,16,8.907993802050349,0.5563700716984228,1.5233333333333334
spider,phi,uncoupled,flat,17,6.905765046211548,0.436893921196357,8.57
spider,phi,uncoupled,flat,18,10.582975972239796,0.8501597011488143,49.25666666666667
spider,phi,uncoupled,flat,19,10.720860655858788,0.8336537471167336,19.82333333333333
spider,phi,uncoupled,flat,20,9.639245961353335,0.7613984916776468,32.083333333333336
spider,phi,uncoupled,flat,21,5.402083628204554,0.4288139645710979,18.13
spider,phi,uncoupled,flat,22,4.160703048673321,0.3122408773488835,4.133333333333334
spider,phi,uncoupled,flat,23,9.063728628048905,0.606413356547924,22.21
spider,phi,uncoupled,flat,24,12.810777398133652,0.8706550459187585,37.906666666666666
spider,phi,uncoupled,flat,25,9.957108288764248,0.7273770229283689,25.14666666666667
spider,phi,uncoupled,flat,26,11.376344951410722,0.8203717698293738,0.2133333333333333
spider,phi,uncoupled,flat,27,4.496124654682398,0.4221793307221628,25.98333333333333
spider,phi,uncoupled,flat,28,6.636455268210342,0.5090917760032985,2.64
spider,phi,uncoupled,flat,29,10.782478446969426,0.8472000615670682,43.64
spider,phi,uncoupled,flat,30,11.22339975025877,0.828777269202103,18.26
spider,phi,uncoupled,rugged,1,10.152745745419088,0.7775138109159975,5.593333333333334
spider,phi,uncoupled,rugged,2,9.053232063688997,0.647698248566735,32.693333333333335
spider,phi,uncoupled,rugged,3,7.476620310184139,0.5393196517629124,2.286666666666666
spider,phi,uncoupled,rugged,4,9.222267409541985,0.7481615132315214,5.616666666666666
spider,phi,uncoupled,rugged,5,10.900533894442496,0.8235123833795152,48.03
spider,phi,uncoupled,rugged,6,9.282282372348812,0.7165410449760067,39.20333333333333
spider,phi,uncoupled,rugged,7,10.62581387435982,0.7797690140997459,34.50666666666667
spider,phi,uncoupled,rugged,8,11.591701089319384,0.7869248553352944,42.61333333333334
spider,phi,uncoupled,rugged,9,8.948848755161816,0.7467097967384335,33.123333333333335
spider,phi,uncoupled,rugged,10,11.336140841786529,0.8147885721232162,26.456666666666667
spider,phi,uncoupled,rugged,11,10.383922749260911,0.7782593978019439,30.43
spider,phi,uncoupled,rugged,12,11.125468100987971,0.8308967160158125,42.22
spider,phi,uncoupled,rugged,13,7.607372210026729,0.4943028792339503,15.606666666666667
spider,phi,uncoupled,rugged,14,4.901329138999803,0.5163255980083695,51.053333333333335
spider,phi,uncoupled,rugged,15,6.604783346430138,0.4505947714526246,20.34
spider,phi,uncoupled,rugged,16,9.344671442745382,0.6457703794376859,52.24333333333333
spider,phi,uncoupled,rugged,17,11.299751374192928,0.6144379477141422,13.353333333333332
spider,phi,uncoupled,rugged,18,9.408151978747023,0.7792537647312548,28.383333333333333
spider,phi,uncoupled,rugged,19,10.343167372662206,0.7964531634117961,42.29666666666667
spider,phi,uncoupled,rugged,20,7.784537521926009,0.6815580307928931,30.92
spider,phi,uncoupled,rugged,21,9.566147449648923,0.7991083201574174,26.453333333333333
spider,phi,uncoupled,rugged,22,8.443223057963687,0.6188485617965563,39.833333333333336
spider,phi,uncoupled,rugged,23,12.051175055538176,0.8136322166973909,41.08
spider,phi,uncoupled,rugged,24,9.897872793157168,0.7767316764901395,3.373333333333333
spider,phi,uncoupled,rugged,25,8.119839052849594,0.7230472941979771,45.55
spider,phi,uncoupled,rugged,26,6.5026513112192,0.5578866929551836,19.83
spider,phi,uncoupled,rugged,27,14.008485142864345,0.7858417628006719,16.766666666666666
spider,phi,uncoupled,rugged,28,9.896810212625496,0.7636652887615629,34.276666666666664
spider,phi,uncoupled,rugged,29,9.83409991504016,0.855574712016318,10.526666666666667
spider,phi,uncoupled,rugged,30,5.489765359553168,0.4089532458693835,6.906666666666666
