robot,variant,coupling,terrain,generation,median,q25,q75,mean,std,n
babya,base,blf,flat,1,1.494,1.24425,1.7045,1.4776,0.3453597801970834,10
babya,base,blf,flat,10,3.722,3.3402499999999997,4.50925,3.8406,0.7217542210167915,10
babya,base,blf,flat,20,4.6465,4.51775,4.9025,5.2954,1.837614528554766,10
babya,base,blf,flat,30,5.7115,5.14925,6.6365,6.1954,1.4222687041015374,10
babya,base,blf,flat,40,6.7170000000000005,5.7995,9.220749999999999,7.6233,2.4055959321733336,10
babya,base,blf,flat,50,8.1475,6.3725,11.154499999999999,8.8765,3.016831827891269,10
babya,base,blf,flat,60,8.5715,6.7395000000000005,11.648,9.3002,2.94380274852481,10
babya,base,blf,flat,70,9.902999999999999,7.97,13.08475,10.6971,3.8155026303518937,10
babya,base,blf,flat,80,10.498999999999999,9.8865,13.367249999999999,11.2735,3.4877213908223808,10
babya,base,blf,flat,90,12.8555,9.8865,14.3295,12.3006,3.8812457965624048,10
babya,base,blf,flat,100,13.7105,10.30075,15.20475,13.116200000000001,3.997467414918267,10
babya,base,blf,flat,110,14.25,12.20725,16.063499999999998,14.005500000000001,4.039515269325158,10
babya,base,blf,flat,120,14.922,13.04175,17.07825,14.6274,4.316426407728197,10
babya,base,blf,flat,130,15.591,13.3125,17.6625,15.080400000000001,4.600805707216462,10
babya,base,blf,flat,140,15.711,13.57425,19.206500000000002,15.7046,4.499879015657593,10
babya,base,blf,flat,150,15.711,14.378499999999999,19.642500000000002,16.3825,4.37316677147249,10
babya,base,blf,flat,160,16.5945,15.67625,20.582250000000002,17.1372,4.086525196028746,10
babya,base,blf,flat,170,17.854,16.05425,21.3265,17.9558,4.172464520853087,10
babya,base,blf,flat,180,19.4375,16.81675,21.35525,19.0619,3.934922714192321,10
babya,base,blf,flat,190,19.643,17.13075,21.908749999999998,19.6172,3.6186020566573007,10
babya,base,blf,flat,200,20.195999999999998,18.398,22.4975,20.1924,3.550289697099849,10
babya,base,blf,flat,210,20.243000000000002,19.04725,22.731,20.3702,3.4940129682389887,10
babya,base,blf,flat,220,20.4295,19.73075,23.2085,20.7023,3.601860354193525,10
babya,base,blf,flat,230,20.686999999999998,20.3175,23.82425,21.0417,3.6578570851737156,10
babya,base,blf,flat,240,21.486,20.7195,24.463250000000002,21.6794,3.4703426407841116,10
babya,base,blf,flat,250,22.218,20.74725,24.618750000000002,22.0136,3.6761628001672255,10
babya,base,blf,flat,260,22.880499999999998,20.8725,25.123,22.4593,3.719398728289292,10
babya,base,blf,flat,270,24.2165,21.03575,25.6495,22.977600000000002,3.7204687637745626,10
babya,base,blf,flat,280,24.478,21.08475,25.78875,23.232499999999998,3.8256723809896043,10
babya,base,blf,flat,290,24.532,21.283250000000002,25.988500000000002,23.431,3.814892513412258,10
babya,base,blf,flat,300,24.532,21.41075,26.259999999999998,23.6186,3.8920162212748624,10
babya,base,blf,rugged,1,1.326,1.23225,1.73725,1.3724,0.3982668563775913,10
babya,base,blf,rugged,10,3.5385,3.087,4.22775,3.6707,0.8095130291999285,10
babya,base,blf,rugged,20,4.3205,3.668,4.87475,4.2116999999999996,0.887908535079299,10
babya,base,blf,rugged,30,5.1370000000000005,3.82775,5.885,5.0907,1.4413638641539785,10
babya,base,blf,rugged,40,7.0525,6.2105,7.49475,6.830500000000001,1.460972982486519,10
babya,base,blf,rugged,50,7.4965,6.897,8.751,7.6245,1.776243179672573,10
babya,base,blf,rugged,60,8.0315,7.0515,8.83925,8.1232,1.6312901370115347,10
babya,base,blf,rugged,70,8.729,8.324,10.08075,9.0071,1.6805178732230794,10
babya,base,blf,rugged,80,9.337,8.86,10.370000000000001,9.523399999999999,1.8876967859154596,10
babya,base,blf,rugged,90,10.4575,9.068249999999999,11.72025,10.124500000000001,2.150221448543795,10
babya,base,blf,rugged,100,10.469000000000001,9.068249999999999,12.11225,10.5039,1.8854636594512002,10
babya,base,blf,rugged,110,10.561499999999999,9.32575,12.70625,10.8176,2.08058566541037,10
babya,base,blf,rugged,120,10.999500000000001,9.916,13.1415,11.3521,2.23268281321921,10
babya,base,blf,rugged,130,11.5915,10.09,13.55175,11.6161,2.2110793970366607,10
babya,base,blf,rugged,140,11.741,10.17625,13.833499999999999,11.9449,2.4544742116297646,10
babya,base,blf,rugged,150,12.5075,11.0405,14.77725,12.8834,2.109938872205649,10
babya,base,blf,rugged,160,12.678999999999998,11.40025,15.44675,13.231799999999998,2.2299059172978577,10
babya,base,blf,rugged,170,13.679,12.396,15.61325,13.738999999999999,2.1023989472346423,10
babya,base,blf,rugged,180,15.224499999999999,12.622,16.36875,14.493500000000001,2.2639457811528954,10
babya,base,blf,rugged,190,15.3185,13.52075,16.87325,15.059800000000001,2.3655041182237095,10
babya,base,blf,rugged,200,16.3485,13.83975,16.9525,15.507200000000001,2.3825034359308317,10
babya,base,blf,rugged,210,16.547,14.37775,17.23,16.0228,2.4241320462750733,10
babya,base,blf,rugged,220,17.116999999999997,14.37775,17.71575,16.3595,2.4554684662786634,10
babya,base,blf,rugged,230,17.1605,15.17325,18.31475,16.7877,2.618576545037823,10
babya,base,blf,rugged,240,17.290999999999997,15.3385,18.538999999999998,17.0349,2.713720179220973,10
babya,base,blf,rugged,250,17.541,15.82525,18.54975,17.3434,2.6347764062840526,10
babya,base,blf,rugged,260,18.448999999999998,15.82525,18.6345,17.605600000000003,2.693391839298545,10
babya,base,blf,rugged,270,18.543,16.0045,18.935,17.7339,2.7612441016485456,10
babya,base,blf,rugged,280,18.694499999999998,16.0045,19.455,17.8654,2.798221744846776,10
babya,base,blf,rugged,290,19.058999999999997,16.24075,19.8045,18.1115,2.8341231546204115,10
babya,base,blf,rugged,300,19.058999999999997,16.41325,20.616750000000003,18.3821,2.73291669385577,10
babya,phi,uncoupled,flat,1,0.951,0.78825,1.0825,0.9602,0.18451184846026072,10
babya,phi,uncoupled,flat,10,2.0905,1.91575,2.479,2.2181,0.4527865452457213,10
babya,phi,uncoupled,flat,20,2.7855,2.3555,3.1567499999999997,2.7748999999999997,0.5088565504038332,10
babya,phi,uncoupled,flat,30,2.989,2.7985,3.4612499999999997,3.1292,0.5046758695770318,10
babya,phi,uncoupled,flat,40,3.318,2.9515,3.69775,3.5446,0.9974533350265342,10
babya,phi,uncoupled,flat,50,3.8295,3.3255,4.05075,3.9578,1.0010680740533529,10
babya,phi,uncoupled,flat,60,3.9725,3.76075,4.3075,4.2252,0.823619491431976,10
babya,phi,uncoupled,flat,70,4.099500000000001,3.76075,4.538,4.293200000000001,0.8236928769605548,10
babya,phi,uncoupled,flat,80,4.428,3.9325,5.034,4.660500000000001,0.9252578319341888,10
babya,phi,uncoupled,flat,90,4.5765,3.95575,5.56375,4.8016,0.9720064243043297,10
babya,phi,uncoupled,flat,100,4.752000000000001,4.00075,5.60175,4.8777,0.9528038214775495,10
babya,phi,uncoupled,flat,110,4.752000000000001,4.2475000000000005,5.97525,5.088,1.0562155714310093,10
babya,phi,uncoupled,flat,120,5.661,4.416,6.449249999999999,5.7149,1.4785711909362589,10
babya,phi,uncoupled,flat,130,6.469,5.20275,6.7395,6.308400000000001,1.5098888259294674,10
babya,phi,uncoupled,flat,140,6.545,5.6655,6.7395,6.4504,1.3724264157566577,10
babya,phi,uncoupled,flat,150,7.1705000000000005,6.37875,7.87775,7.043899999999999,1.3749149832302763,10
babya,phi,uncoupled,flat,160,7.9565,6.771,8.5235,7.617,1.5471876995949065,10
babya,phi,uncoupled,flat,170,8.3765,6.9705,8.71175,7.9815,1.8251334350001795,10
babya,phi,uncoupled,flat,180,8.3765,7.032500000000001,9.970749999999999,8.491200000000001,2.2000447874228986,10
babya,phi,uncoupled,flat,190,8.546,7.0575,10.06225,8.6326,2.1543364123965825,10
babya,phi,uncoupled,flat,200,9.2775,7.19125,10.638,8.9752,2.228521273550393,10
babya,phi,uncoupled,flat,210,9.4885,7.28775,10.638,9.419799999999999,2.819224668828884,10
babya,phi,uncoupled,flat,220,9.5365,7.326499999999999,10.6955,9.5771,2.827812521288417,10
babya,phi,uncoupled,flat,230,10.017,7.35125,11.001249999999999,9.7884,2.8275393778572444,10
babya,phi,uncoupled,flat,240,10.2385,7.362,11.369,9.9566,2.8115461622072333,10
babya,phi,uncoupled,flat,250,10.4905,7.387499999999999,12.117,10.4024,3.336506529623795,10
babya,phi,uncoupled,flat,260,10.741499999999998,7.4182500000000005,12.601750000000001,10.6971,3.594895809029488,10
babya,phi,uncoupled,flat,270,10.8035,7.449,12.812999999999999,10.9399,3.8972577096665755,10
babya,phi,uncoupled,flat,280,11.043,7.64275,13.42925,11.373000000000001,4.331557071846874,10
babya,phi,uncoupled,flat,290,11.4475,7.647,13.49025,11.4968,4.410418644779906,10
babya,phi,uncoupled,flat,300,11.5365,7.85425,13.874,11.7832,4.71004359026774,10
babya,phi,uncoupled,rugged,1,0.9405,0.7215,1.1680000000000001,0.9791000000000001,0.30940245276626005,10
babya,phi,uncoupled,rugged,10,1.928,1.80325,2.0545,1.9377000000000002,0.33300852508273393,10
babya,phi,uncoupled,rugged,20,2.7800000000000002,2.20825,3.1265,2.7745,0.6417296505885046,10
babya,phi,uncoupled,rugged,30,3.126,2.6319999999999997,3.3674999999999997,3.085,0.641387385109637,10
babya,phi,uncoupled,rugged,40,3.7765,3.29425,4.03925,3.6234,0.6657120164822692,10
babya,phi,uncoupled,rugged,50,3.8895,3.29425,4.36,3.7719,0.7571334023069443,10
babya,phi,uncoupled,rugged,60,3.945,3.29425,4.586749999999999,3.9839999999999995,0.9037685298546061,10
babya,phi,uncoupled,rugged,70,4.412,3.66125,4.77,4.3448,0.8648881494800995,10
babya,phi,uncoupled,rugged,80,4.531000000000001,3.72425,5.24,4.6963,1.308801916087975,10
babya,phi,uncoupled,rugged,90,4.577,3.7895,5.5680000000000005,4.9209000000000005,1.5215079106669878,10
babya,phi,uncoupled,rugged,100,5.585,4.108,6.67075,5.581799999999999,1.6211864516800993,10
babya,phi,uncoupled,rugged,110,6.503,4.65025,7.1445,6.0479,1.6510551811223968,10
babya,phi,uncoupled,rugged,120,6.601,4.9967500000000005,7.1445,6.2405,1.4265537533199057,10
babya,phi,uncoupled,rugged,130,6.811999999999999,4.9967500000000005,7.306,6.34,1.4764541607814612,10
babya,phi,uncoupled,rugged,140,7.3585,5.29075,8.29325,6.876399999999999,1.632943504500045,10
babya,phi,uncoupled,rugged,150,7.5395,6.10325,8.29325,7.102500000000001,1.6257144241498533,10
babya,phi,uncoupled,rugged,160,7.846500000000001,6.16625,8.35025,7.338299999999999,1.8070988443727516,10
babya,phi,uncoupled,rugged,170,8.468499999999999,6.16625,9.283999999999999,7.6761,1.9551537848011398,10
babya,phi,uncoupled,rugged,180,8.912500000000001,6.30025,9.433250000000001,7.9213,1.9872033419411872,10
babya,phi,uncoupled,rugged,190,9.104,6.7755,9.4445,8.2357,1.950813337502534,10
babya,phi,uncoupled,rugged,200,9.249500000000001,6.844,9.8515,8.6072,1.921007073848969,10
babya,phi,uncoupled,rugged,210,9.3565,7.41325,10.172,8.935500000000001,1.7785847838473525,10
babya,phi,uncoupled,rugged,220,9.607,8.571000000000002,10.558250000000001,9.410599999999999,1.784784655544379,10
babya,phi,uncoupled,rugged,230,10.321,9.425,10.85875,9.8573,1.8703001571346183,10
babya,phi,uncoupled,rugged,240,10.5535,9.4645,11.69625,10.2896,1.9019747749232754,10
babya,phi,uncoupled,rugged,250,10.811,9.5275,11.80175,10.4466,1.985121054243292,10
babya,phi,uncoupled,rugged,260,10.896,9.789,11.9655,10.7948,1.964806792876423,10
babya,phi,uncoupled,rugged,270,10.9085,10.008,12.23175,10.981100000000001,2.0282283155502983,10
babya,phi,uncoupled,rugged,280,11.096,10.2495,12.360499999999998,11.2613,1.91139013111749,10
babya,phi,uncoupled,rugged,290,11.494,10.438,13.11075,11.6739,2.1230165357601694,10
babya,phi,uncoupled,rugged,300,11.649000000000001,10.50225,13.413499999999999,11.8092,2.1822887984865793,10
ege,base,blf,flat,1,0.9675,0.9315,1.319,1.1068,0.2400299981252343,10
ege,base,blf,flat,10,2.029,1.7814999999999999,2.23125,2.053,0.3947077681300714,10
ege,base,blf,flat,20,2.2489999999999997,2.045,3.0092499999999998,2.5335,0.7515161342246753,10
ege,base,blf,flat,30,2.5895,2.4145,3.38075,2.9044999999999996,0.7222080725109628,10
ege,base,blf,flat,40,2.9284999999999997,2.54025,3.5895,3.2177999999999995,1.0450295902243365,10
ege,base,blf,flat,50,3.585,3.2315,3.7279999999999998,3.6051,0.9382530397854657,10
ege,base,blf,flat,60,3.8895,3.30125,4.39175,3.9191000000000003,1.1321022185886456,10
ege,base,blf,flat,70,4.1455,3.32375,5.0200000000000005,4.3329,1.3428058062628914,10
ege,base,blf,flat,80,4.274,3.37175,6.1045,4.7091,1.5113659348049662,10
ege,base,blf,flat,90,5.234999999999999,3.674,6.328250000000001,5.0922,1.4715800880535033,10
ege,base,blf,flat,100,5.4825,4.09025,6.7490000000000006,5.4433,1.5786340825747642,10
ege,base,blf,flat,110,5.545,4.13225,6.7490000000000006,5.5409,1.6481053398102659,10
ege,base,blf,flat,120,5.748,4.2355,6.77925,5.8576999999999995,1.8834322717374845,10
ege,base,blf,flat,130,5.9275,4.58525,6.77925,5.9619,1.8136190001700405,10
ege,base,blf,flat,140,6.379,5.11975,6.77925,6.2494,1.9376293763256174,10
ege,base,blf,flat,150,6.718,5.5687500000000005,7.398750000000001,6.612100000000001,1.9195609133340885,10
ege,base,blf,flat,160,6.8095,5.8252500000000005,8.142,6.8969,2.064941024178011,10
ege,base,blf,flat,170,6.894500000000001,5.86875,8.59925,7.279999999999999,2.164776508864907,10
ege,base,blf,flat,180,7.131500000000001,5.9795,8.79875,7.4703,2.246439753624981,10
ege,base,blf,flat,190,7.2765,6.14,9.27375,7.7345,2.4465719441246314,10
ege,base,blf,flat,200,7.2765,6.23775,9.97175,7.998399999999999,2.726372445413706,10
ege,base,blf,flat,210,7.2765,6.24525,10.378250000000001,8.203,2.821325338678024,10
ege,base,blf,flat,220,7.2765,6.35175,10.605,8.3654,2.9651317827187524,10
ege,base,blf,flat,230,7.466,6.47925,10.8885,8.4992,2.974086518953714,10
ege,base,blf,flat,240,7.5455000000000005,6.513,11.287749999999999,8.6433,3.0210608898199984,10
ege,base,blf,flat,250,7.5455000000000005,6.52725,11.417750000000002,8.7362,3.097051852613672,10
ege,base,blf,flat,260,7.5605,6.7845,11.58575,8.8707,3.159189349254717,10
ege,base,blf,flat,270,7.6815,6.8665,11.74625,8.9876,3.2181145687774664,10
ege,base,blf,flat,280,7.8025,6.89175,11.8735,9.0626,3.2443983588812135,10
ege,base,blf,flat,290,7.834999999999999,6.9037500000000005,12.065750000000001,9.132200000000001,3.294703992773858,10
ege,base,blf,flat,300,7.9655,6.9037500000000005,12.088750000000001,9.1973,3.322524443518479,10
ege,base,blf,rugged,1,0.8775,0.8422499999999999,1.00425,0.9052,0.13309378481189704,10
ege,base,blf,rugged,10,2.1105,1.7225,2.18475,2.0861,0.4215048306036625,10
ege,base,blf,rugged,20,2.8605,2.5715,2.96375,2.791,0.26274026041785914,10
ege,base,blf,rugged,30,3.0244999999999997,2.82625,3.68575,3.3364,0.775574367807498,10
ege,base,blf,rugged,40,3.5095,3.1710000000000003,4.236750000000001,3.6302,0.7214648370579894,10
ege,base,blf,rugged,50,3.7435,3.33025,4.26,3.9034,0.818889247700811,10
ege,base,blf,rugged,60,4.4305,3.8255,5.2035,4.5257,0.8673013125014091,10
ege,base,blf,rugged,70,5.0825,4.6105,5.36825,4.9990000000000006,0.6649085150103983,10
ege,base,blf,rugged,80,5.2505,4.91175,5.63225,5.2466,0.7605954100425389,10
ege,base,blf,rugged,90,5.702999999999999,5.4052500000000006,6.2755,5.6332,0.9133908497704826,10
ege,base,blf,rugged,100,6.1884999999999994,6.005,6.44775,6.0297,0.882930606308081,10
ege,base,blf,rugged,110,6.79,6.4125,7.09025,6.505599999999999,1.0594609950347391,10
ege,base,blf,rugged,120,7.0435,6.728,7.431,6.814,1.2017556601350652,10
ege,base,blf,rugged,130,7.27,6.7955000000000005,7.8927499999999995,7.0361,1.2312013509847475,10
ege,base,blf,rugged,140,7.3555,6.988250000000001,7.8927499999999995,7.2467,1.4334106994624163,10
ege,base,blf,rugged,150,7.609,7.04425,8.16075,7.560900000000001,1.2500827039306905,10
ege,base,blf,rugged,160,7.8325,7.1217500000000005,8.229,7.7581999999999995,1.3880921199017497,10
ege,base,blf,rugged,170,8.0655,7.3995,8.347,7.9641,1.4855393670687798,10
ege,base,blf,rugged,180,8.1735,7.5009999999999994,8.43675,8.0574,1.539246439008387,10
ege,base,blf,rugged,190,8.371500000000001,7.5009999999999994,8.95075,8.3499,1.6618935284788854,10
ege,base,blf,rugged,200,8.6025,7.54325,9.4815,8.6248,1.7656087272603118,10
ege,base,blf,rugged,210,8.6125,7.6165,9.4815,8.7035,1.7411297258453264,10
ege,base,blf,rugged,220,8.6125,7.7405,9.5925,8.7889,1.7476425677021157,10
ege,base,blf,rugged,230,8.6125,7.77525,9.5925,8.8542,1.7500013206344223,10
ege,base,blf,rugged,240,8.6735,7.93725,9.8265,9.0077,1.839498364591101,10
ege,base,blf,rugged,250,8.703,7.9545,10.147,9.1431,1.941232509401065,10
ege,base,blf,rugged,260,8.703,8.02075,10.26925,9.253,1.9791975366013592,10
ege,base,blf,rugged,270,8.779,8.022,10.61425,9.356399999999999,1.96306858430027,10
ege,base,blf,rugged,280,8.8575,8.022,11.02,9.4597,2.0397982498276637,10
ege,base,blf,rugged,290,8.959499999999998,8.0985,11.13625,9.5263,2.0250316348694954,10
ege,base,blf,rugged,300,8.960999999999999,8.0985,11.215,9.5665,2.069041176218803,10
ege,phi,uncoupled,flat,1,0.711,0.62975,0.8322499999999999,0.7676999999999999,0.25632967054166783,10
ege,phi,uncoupled,flat,10,1.5575,1.39625,1.66925,1.5348000000000002,0.2531744238442914,10
ege,phi,uncoupled,flat,20,1.959,1.847,2.14375,2.2079,0.7242119778689721,10
ege,phi,uncoupled,flat,30,2.5620000000000003,2.4615,2.97025,2.7561,0.5867158028665439,10
ege,phi,uncoupled,flat,40,2.9465000000000003,2.6685000000000003,3.1485000000000003,2.9714,0.5334785635597532,10
ege,phi,uncoupled,flat,50,3.5515,3.19075,4.084499999999999,3.6821999999999995,0.6391982478073605,10
ege,phi,uncoupled,flat,60,3.9669999999999996,3.4692499999999997,4.67675,4.117,0.775241897732572,10
ege,phi,uncoupled,flat,70,3.9669999999999996,3.554,4.67675,4.1688,0.7131310928262456,10
ege,phi,uncoupled,flat,80,4.446,4.0032499999999995,4.94825,4.5137,0.7402783335415883,10
ege,phi,uncoupled,flat,90,4.7989999999999995,4.29925,5.375,4.7492,0.7744833116342793,10
ege,phi,uncoupled,flat,100,4.7989999999999995,4.46725,5.375,4.8327,0.7194865530362609,10
ege,phi,uncoupled,flat,110,4.964,4.46725,5.5755,4.9433,0.7613744953846445,10
ege,phi,uncoupled,flat,120,5.436999999999999,5.00425,5.93125,5.454,0.894079787640156,10
ege,phi,uncoupled,flat,130,5.76,5.41925,5.9815,5.6627,0.8320993597188047,10
ege,phi,uncoupled,flat,140,5.782500000000001,5.535,6.244,5.7431,0.8508490465411594,10
ege,phi,uncoupled,flat,150,6.0365,5.716749999999999,6.321000000000001,5.9402,0.7955298444014113,10
ege,phi,uncoupled,flat,160,6.1785,5.716749999999999,6.422,6.1602,1.135853746453888,10
ege,phi,uncoupled,flat,170,6.4435,5.91725,7.514749999999999,6.5816,1.309447822557279,10
ege,phi,uncoupled,flat,180,6.7265,6.1005,7.52325,6.7086,1.3556591016918673,10
ege,phi,uncoupled,flat,190,7.004,6.4625,7.5885,7.0069,1.418285149984539,10
ege,phi,uncoupled,flat,200,7.29,6.49125,8.192,7.1953000000000005,1.434669923323441,10
ege,phi,uncoupled,flat,210,7.416499999999999,6.49725,8.307,7.300199999999999,1.4170871376014795,10
ege,phi,uncoupled,flat,220,7.7,6.53275,8.7705,7.6777999999999995,1.5877498963417798,10
ege,phi,uncoupled,flat,230,8.0695,7.016,8.811,7.9429,1.5356380830854068,10
ege,phi,uncoupled,flat,240,8.1535,7.0595,8.905999999999999,8.0925,1.6975371866324462,10
ege,phi,uncoupled,flat,250,8.45,7.19,8.972,8.299299999999999,1.7191181234057835,10
ege,phi,uncoupled,flat,260,8.489,7.2162500000000005,9.1745,8.389700000000001,1.7412113950414587,10
ege,phi,uncoupled,flat,270,8.489,7.2635000000000005,9.48075,8.510200000000001,1.8047109833248463,10
ege,phi,uncoupled,flat,280,8.5215,7.341749999999999,9.507000000000001,8.6012,1.7609133867273414,10
ege,phi,uncoupled,flat,290,8.5765,7.36475,9.578,8.677,1.8102754241029493,10
ege,phi,uncoupled,flat,300,8.6675,7.39925,9.68675,8.7568,1.7862988302943912,10
ege,phi,uncoupled,rugged,1,0.8115,0.7665,0.8815,0.8406,0.11228356959056833,10
ege,phi,uncoupled,rugged,10,1.5635,1.311,1.88925,1.6053000000000002,0.42704073446088114,10
ege,phi,uncoupled,rugged,20,1.9020000000000001,1.82275,2.10125,1.8831,0.3004875482722481,10
ege,phi,uncoupled,rugged,30,2.0774999999999997,1.952,2.25,2.1017,0.39797153722903894,10
ege,phi,uncoupled,rugged,40,2.2699999999999996,2.0332500000000002,2.34425,2.1912,0.3881783095434365,10
ege,phi,uncoupled,rugged,50,2.3200000000000003,2.0332500000000002,2.5357499999999997,2.3293,0.5497506606534355,10
ege,phi,uncoupled,rugged,60,2.512,2.3205,2.7205000000000004,2.6802,0.7393555452028626,10
ege,phi,uncoupled,rugged,70,2.838,2.61575,3.5385,3.0542000000000002,0.66731115514262,10
ege,phi,uncoupled,rugged,80,3.3245,2.73575,4.176,3.4551000000000003,0.8334751146055093,10
ege,phi,uncoupled,rugged,90,3.3255,2.9139999999999997,4.281000000000001,3.5633000000000004,0.7870943823117194,10
ege,phi,uncoupled,rugged,100,3.4160000000000004,3.117,4.34525,3.6828000000000003,0.7769994708992907,10
ege,phi,uncoupled,rugged,110,4.1615,3.28125,4.64125,3.9497999999999998,0.8404646598426635,10
ege,phi,uncoupled,rugged,120,4.2595,3.5467500000000003,5.05375,4.3791,1.0985574834502034,10
ege,phi,uncoupled,rugged,130,4.2595,3.5467500000000003,5.37775,4.4386,1.130004444435704,10
ege,phi,uncoupled,rugged,140,4.5855,3.7184999999999997,5.37775,4.7143999999999995,1.4432238757571731,10
ege,phi,uncoupled,rugged,150,4.785500000000001,3.7184999999999997,5.37775,4.7865,1.4788479938414527,10
ege,phi,uncoupled,rugged,160,4.9355,3.7184999999999997,5.4415,4.8505,1.4721712045667639,10
ege,phi,uncoupled,rugged,170,5.265499999999999,3.79875,5.681,5.0342,1.5564004626059453,10
ege,phi,uncoupled,rugged,180,5.265499999999999,4.19375,6.273,5.3544,1.494561265983358,10
ege,phi,uncoupled,rugged,190,5.513999999999999,4.952500000000001,6.30725,5.6901,1.4461195931795465,10
ege,phi,uncoupled,rugged,200,5.906499999999999,5.256,6.8165,5.9018999999999995,1.44639309625319,10
ege,phi,uncoupled,rugged,210,5.976,5.34875,7.124499999999999,6.0668,1.418723275812917,10
ege,phi,uncoupled,rugged,220,6.619,5.352,7.675000000000001,6.439,1.5756258721184067,10
ege,phi,uncoupled,rugged,230,6.8525,5.3825,7.6865000000000006,6.532300000000001,1.5766413000073574,10
ege,phi,uncoupled,rugged,240,6.8815,5.47525,7.709250000000001,6.6533999999999995,1.582212318945287,10
ege,phi,uncoupled,rugged,250,6.936,5.64625,7.9185,6.8134,1.4480648542873424,10
ege,phi,uncoupled,rugged,260,7.2615,5.65675,8.0445,6.9524,1.4178250323020196,10
ege,phi,uncoupled,rugged,270,7.359999999999999,5.944,8.085,7.0652,1.4237423924291925,10
ege,phi,uncoupled,rugged,280,7.4195,6.02175,8.10825,7.128400000000001,1.4210834051681998,10
ege,phi,uncoupled,rugged,290,7.6585,6.14175,8.235000000000001,7.3405000000000005,1.4892100254833098,10
ege,phi,uncoupled,rugged,300,7.7589999999999995,6.19775,8.4065,7.409699999999999,1.5099388545383035,10
gecko,base,blf,flat,1,2.3955,1.62125,2.59275,2.3756,1.0739612242120808,10
gecko,base,blf,flat,10,4.832000000000001,4.235,5.241,4.9069,0.9956614161227479,10
gecko,base,blf,flat,20,5.7010000000000005,5.309,6.096,5.6744,0.5974365982168225,10
gecko,base,blf,flat,30,6.513999999999999,6.03225,6.955,6.6698,1.3147263171051569,10
gecko,base,blf,flat,40,7.1755,6.2532499999999995,8.155249999999999,7.3367,1.3128055665465301,10
gecko,base,blf,flat,50,8.2985,6.54175,8.689250000000001,8.1875,2.0622420512097457,10
gecko,base,blf,flat,60,8.802,7.1825,10.20375,9.0938,2.244302257322356,10
gecko,base,blf,flat,70,9.783,8.90125,11.15375,10.099599999999999,2.541118397696398,10
gecko,base,blf,flat,80,11.075,9.792,11.90425,10.8777,2.295588089744712,10
gecko,base,blf,flat,90,11.146,10.2475,12.405999999999999,11.7273,2.9908621963871513,10
gecko,base,blf,flat,100,12.026,11.09925,13.15525,12.4003,2.707622903745809,10
gecko,base,blf,flat,110,12.277999999999999,11.377,13.564,12.8994,2.390508834723036,10
gecko,base,blf,flat,120,12.9065,12.05125,15.0045,13.9248,2.673434445303144,10
gecko,base,blf,flat,130,13.5625,12.972249999999999,16.115499999999997,14.680599999999998,2.472731337340687,10
gecko,base,blf,flat,140,15.498000000000001,13.14425,16.9115,15.3965,2.5931579739340562,10
gecko,base,blf,flat,150,15.878,13.254,17.163,15.7595,2.684071006263931,10
gecko,base,blf,flat,160,16.7015,13.53025,18.39375,16.2837,2.797503333331348,10
gecko,base,blf,flat,170,17.3865,13.990499999999999,19.446,16.8701,3.0545363878082137,10
gecko,base,blf,flat,180,17.639000000000003,14.094249999999999,19.75825,17.051499999999997,3.1330205960950126,10
gecko,base,blf,flat,190,17.859499999999997,14.12425,20.365000000000002,17.273,3.3051681080123934,10
gecko,base,blf,flat,200,18.2475,14.1715,20.588749999999997,17.539099999999998,3.461531916812427,10
gecko,base,blf,flat,210,18.627499999999998,14.21425,20.72475,17.716,3.5607367839317248,10
gecko,base,blf,flat,220,18.688499999999998,14.2635,20.871000000000002,17.7805,3.59482459006463,10
gecko,base,blf,flat,230,18.7605,14.29775,21.01325,17.8912,3.662832777449109,10
gecko,base,blf,flat,240,18.791,14.324250000000001,21.17675,18.0299,3.8246905887927722,10
gecko,base,blf,flat,250,19.03,14.33775,21.287750000000003,18.128999999999998,3.875529813242743,10
gecko,base,blf,flat,260,19.041,14.35125,21.355249999999998,18.1658,3.9101677088215934,10
gecko,base,blf,flat,270,19.134,14.393249999999998,21.36575,18.2483,3.9160468176182186,10
gecko,base,blf,flat,280,19.134,14.42025,21.4245,18.272399999999998,3.9334567551257558,10
gecko,base,blf,flat,290,19.2095,14.4245,21.43325,18.3388,4.009180514768573,10
gecko,base,blf,flat,300,19.216500000000003,14.42525,21.465,18.3564,4.0103880166942,10
gecko,base,blf,rugged,1,1.29,0.973,1.49,1.2641,0.3152975490619051,10
gecko,base,blf,rugged,10,4.134,3.72425,5.07175,4.2574,0.9662853500792493,10
gecko,base,blf,rugged,20,5.3515,4.28825,6.132,5.3236,1.31465713316354,10
gecko,base,blf,rugged,30,6.1705000000000005,5.1525,7.60375,6.392799999999999,1.4387990207885957,10
gecko,base,blf,rugged,40,7.673500000000001,5.5575,8.403,7.3423,1.9205275345881172,10
gecko,base,blf,rugged,50,8.461,6.44175,9.26475,7.978700000000001,2.090754890251632,10
gecko,base,blf,rugged,60,9.7,6.58375,11.128,9.09,2.3878201588710803,10
gecko,base,blf,rugged,70,9.8015,7.741,11.33175,9.568200000000001,2.4317779412511245,10
gecko,base,blf,rugged,80,10.554,8.645,12.33,10.3159,2.5872401619400462,10
gecko,base,blf,rugged,90,11.677,8.9405,13.47775,11.2143,2.729353201767774,10
gecko,base,blf,rugged,100,12.0745,9.50125,13.812,11.7877,2.708379960624268,10
gecko,base,blf,rugged,110,12.6085,10.691749999999999,14.9665,12.479899999999999,2.633692568323882,10
gecko,base,blf,rugged,120,13.188,11.01675,15.434,12.9215,2.6729965394665216,10
gecko,base,blf,rugged,130,13.6145,11.8595,16.03575,13.4453,2.8213728750379663,10
gecko,base,blf,rugged,140,13.859,12.66325,16.15625,13.8473,2.843760540395607,10
gecko,base,blf,rugged,150,14.3595,12.67775,16.41025,14.0661,2.8729897880469784,10
gecko,base,blf,rugged,160,14.513,13.001,16.75875,14.307999999999998,2.895817520340519,10
gecko,base,blf,rugged,170,14.530999999999999,13.462250000000001,17.242250000000002,14.527099999999999,2.880880592612073,10
gecko,base,blf,rugged,180,15.2695,13.462250000000001,17.32625,14.755799999999999,2.923088845724673,10
gecko,base,blf,rugged,190,15.2695,13.647,17.63075,14.9155,2.9457213887263674,10
gecko,base,blf,rugged,200,15.609000000000002,13.80775,17.729,15.146700000000001,2.9922555242195172,10
gecko,base,blf,rugged,210,15.670000000000002,13.82125,17.8615,15.1939,3.032059859054384,10
gecko,base,blf,rugged,220,15.9465,14.00475,17.8625,15.3387,3.0752740817328426,10
gecko,base,blf,rugged,230,16.4815,14.0335,17.907249999999998,15.475800000000001,3.085121528310424,10
gecko,base,blf,rugged,240,16.552500000000002,14.05975,18.0005,15.5414,3.099124758164258,10
gecko,base,blf,rugged,250,16.5785,14.1295,18.046499999999998,15.622200000000001,3.1583406613811205,10
gecko,base,blf,rugged,260,16.5855,14.136,18.23325,15.6511,3.180672446372169,10
gecko,base,blf,rugged,270,16.7215,14.136750000000001,18.26025,15.7362,3.247515077374974,10
gecko,base,blf,rugged,280,16.757,14.136750000000001,18.26025,15.7531,3.2563953981187375,10
gecko,base,blf,rugged,290,16.757,14.136750000000001,18.26025,15.762899999999998,3.239394368979761,10
gecko,base,blf,rugged,300,16.757,14.136750000000001,18.339,15.8226,3.2865854351016384,10
gecko,phi,uncoupled,flat,1,0.9349999999999999,0.69625,1.17175,0.9591,0.32981996772650246,10
gecko,phi,uncoupled,flat,10,2.016,1.6300000000000001,2.374,2.0634,0.5608446407973523,10
gecko,phi,uncoupled,flat,20,2.5865,2.221,2.8722499999999997,2.7224,0.7909363227635121,10
gecko,phi,uncoupled,flat,30,2.9909999999999997,2.4215,3.7975000000000003,3.1567999999999996,0.8296933570100864,10
gecko,phi,uncoupled,flat,40,3.767,3.306,4.36575,3.9172,0.8223583701093391,10
gecko,phi,uncoupled,flat,50,3.8045,3.3675,5.01525,4.3716,1.393783196914068,10
gecko,phi,uncoupled,flat,60,4.454000000000001,3.7967500000000003,5.0512500000000005,4.7576,1.2877405880930455,10
gecko,phi,uncoupled,flat,70,4.9795,4.736750000000001,6.05625,5.516,1.31765102444548,10
gecko,phi,uncoupled,flat,80,5.4945,4.98625,6.496,5.7938,1.382699517449672,10
gecko,phi,uncoupled,flat,90,6.798,5.72275,7.3705,6.622,1.352602840616729,10
gecko,phi,uncoupled,flat,100,6.9879999999999995,5.83,7.6857500000000005,7.176,2.183772983724371,10
gecko,phi,uncoupled,flat,110,7.3155,6.07775,8.2875,7.7953,3.1082221088232704,10
gecko,phi,uncoupled,flat,120,7.452,6.12125,8.509250000000002,7.978700000000001,3.2069761822210863,10
gecko,phi,uncoupled,flat,130,7.474,6.263,8.89475,8.1933,3.4279740388618922,10
gecko,phi,uncoupled,flat,140,7.962,6.40475,9.46025,8.7348,3.8964011828580714,10
gecko,phi,uncoupled,flat,150,8.26,6.63075,9.8885,9.014100000000001,4.00118067158516,10
gecko,phi,uncoupled,flat,160,8.5915,6.65325,10.5955,9.3462,4.178328368565059,10
gecko,phi,uncoupled,flat,170,8.910499999999999,6.7305,11.11975,9.671299999999999,4.3285617844986595,10
gecko,phi,uncoupled,flat,180,9.6355,6.777,11.378499999999999,9.944799999999999,4.394779954041435,10
gecko,phi,uncoupled,flat,190,9.6915,6.8107500000000005,11.729750000000001,10.0452,4.450770939461562,10
gecko,phi,uncoupled,flat,200,9.764,6.82275,11.8355,10.142100000000001,4.495531916371088,10
gecko,phi,uncoupled,flat,210,9.7975,6.91275,11.87175,10.2203,4.526076938757844,10
gecko,phi,uncoupled,flat,220,9.8705,6.91275,11.906500000000001,10.3077,4.616552827718005,10
gecko,phi,uncoupled,flat,230,9.961500000000001,6.91275,11.9455,10.3632,4.667594831507028,10
gecko,phi,uncoupled,flat,240,10.089,6.9605,12.1105,10.4542,4.69749888061012,10
gecko,phi,uncoupled,flat,250,10.114,6.983750000000001,12.346250000000001,10.5054,4.7072364669257425,10
gecko,phi,uncoupled,flat,260,10.120000000000001,7.01875,12.38825,10.533100000000001,4.7240636567825085,10
gecko,phi,uncoupled,flat,270,10.174499999999998,7.0255,12.47775,10.5664,4.739309119833115,10
gecko,phi,uncoupled,flat,280,10.2,7.0385,12.547,10.5958,4.743866678846135,10
gecko,phi,uncoupled,flat,290,10.2725,7.06725,12.618749999999999,10.6341,4.748460860578346,10
gecko,phi,uncoupled,flat,300,10.3315,7.084,12.70575,10.6671,4.754780669085705,10
gecko,phi,uncoupled,rugged,1,0.6635,0.5754999999999999,0.741,0.6456,0.142199546803466,10
gecko,phi,uncoupled,rugged,10,1.8735,1.60425,2.19575,1.9243999999999999,0.46560336004896796,10
gecko,phi,uncoupled,rugged,20,2.6660000000000004,2.15625,3.1267500000000004,2.7494,0.7369103970859233,10
gecko,phi,uncoupled,rugged,30,3.0380000000000003,2.86375,3.2607500000000003,3.1047000000000002,0.5608408469036074,10
gecko,phi,uncoupled,rugged,40,3.422,3.02475,3.827,3.4375999999999998,0.6067117565661272,10
gecko,phi,uncoupled,rugged,50,3.758,3.3375000000000004,4.10325,3.7049999999999996,0.5159698526938262,10
gecko,phi,uncoupled,rugged,60,4.1594999999999995,3.85575,4.4505,4.2113,0.6403540774012798,10
gecko,phi,uncoupled,rugged,70,4.1594999999999995,3.85575,4.898,4.3304,0.6341284833007687,10
gecko,phi,uncoupled,rugged,80,4.8415,3.9755,5.46175,4.8732999999999995,0.9678014086922307,10
gecko,phi,uncoupled,rugged,90,4.874499999999999,4.0055,5.89975,4.9634,1.0467935379582312,10
gecko,phi,uncoupled,rugged,100,5.8580000000000005,4.21875,6.5335,5.6253,1.46659772944049,10
gecko,phi,uncoupled,rugged,110,5.955,4.80825,7.204,5.9866,1.4722336167273935,10
gecko,phi,uncoupled,rugged,120,6.7245,5.27675,7.50825,6.3785,1.4692190102227785,10
gecko,phi,uncoupled,rugged,130,7.1145,6.1682500000000005,7.9135,6.995099999999999,1.6982541656392631,10
gecko,phi,uncoupled,rugged,140,8.013,6.9712499999999995,8.498,7.7568,1.7998949228589245,10
gecko,phi,uncoupled,rugged,150,8.067,7.1152500000000005,8.57125,7.9393,1.7159970894821215,10
gecko,phi,uncoupled,rugged,160,8.551,7.62025,9.1295,8.5615,1.442686017276263,10
gecko,phi,uncoupled,rugged,170,8.745000000000001,7.6795,9.363,8.814,1.6548985198830508,10
gecko,phi,uncoupled,rugged,180,9.214500000000001,8.191,9.766,9.1605,1.8228870416640377,10
gecko,phi,uncoupled,rugged,190,9.27,8.641,10.208,9.4767,2.0127559354167994,10
gecko,phi,uncoupled,rugged,200,9.813500000000001,8.641,10.6745,9.8495,2.3036301424780263,10
gecko,phi,uncoupled,rugged,210,9.9025,8.64175,10.954,10.1661,2.5603098966075706,10
gecko,phi,uncoupled,rugged,220,10.566500000000001,8.78375,11.093,10.5303,2.6056562427832946,10
gecko,phi,uncoupled,rugged,230,10.566500000000001,8.80975,11.27575,10.7179,2.752797262180175,10
gecko,phi,uncoupled,rugged,240,11.1015,9.004,11.65325,11.0457,2.817983126280213,10
gecko,phi,uncoupled,rugged,250,11.326,9.033249999999999,11.95275,11.1914,2.8617437652203908,10
gecko,phi,uncoupled,rugged,260,11.6025,9.54575,12.22325,11.407900000000001,2.8350141073527113,10
gecko,phi,uncoupled,rugged,270,11.835,9.56,12.50025,11.6033,2.99301141735952,10
gecko,phi,uncoupled,rugged,280,11.908999999999999,9.6235,12.50025,11.670300000000001,2.9864948629901686,10
gecko,phi,uncoupled,rugged,290,12.0105,9.6425,12.6125,11.7744,3.032580316789281,10
gecko,phi,uncoupled,rugged,300,12.023,9.64825,12.6125,11.888,3.1246119047900263,10
insect,base,blf,flat,1,1.8415,1.15375,2.184,1.7544,0.678615780672523,10
insect,base,blf,flat,10,3.8324999999999996,3.2720000000000002,4.8332500000000005,4.0963,1.3706765604377036,10
insect,base,blf,flat,20,6.295,5.6245,6.7375,6.171200000000001,1.2334515078519392,10
insect,base,blf,flat,30,7.176,6.4275,7.8595,7.2608999999999995,1.1164299699389022,10
insect,base,blf,flat,40,7.689,6.891500000000001,8.345,7.7527,1.2241385224811046,10
insect,base,blf,flat,50,7.7885,7.12875,9.10425,8.168800000000001,1.2645987330199076,10
insect,base,blf,flat,60,7.7985,7.52675,9.3755,8.3461,1.2557984135821945,10
insect,base,blf,flat,70,9.4705,7.72025,9.70875,8.9419,1.5414210218712685,10
insect,base,blf,flat,80,9.941500000000001,9.0345,10.201,9.5478,1.4654734388585828,10
insect,base,blf,flat,90,10.625499999999999,9.0345,11.062249999999999,10.0378,1.7893209636929623,10
insect,base,blf,flat,100,11.282,9.0345,12.113,10.5259,2.057883240937963,10
insect,base,blf,flat,110,12.217500000000001,9.12025,12.771749999999999,11.117,2.3937646779358523,10
insect,base,blf,flat,120,12.605,9.1665,13.79925,11.5525,2.709674365429667,10
insect,base,blf,flat,130,13.155000000000001,9.7835,14.062,11.9829,2.7359689508472127,10
insect,base,blf,flat,140,13.155000000000001,10.41375,14.77875,12.6247,2.5427028510797105,10
insect,base,blf,flat,150,13.68,12.02175,14.917750000000002,13.102,2.3860210486172257,10
insect,base,blf,flat,160,13.68,12.10725,14.94475,13.3115,2.473100045152507,10
insect,base,blf,flat,170,14.368,12.14325,15.67525,13.924700000000001,2.4020818771316783,10
insect,base,blf,flat,180,14.7305,12.3275,16.0655,14.1916,2.5546730253922254,10
insect,base,blf,flat,190,15.2645,12.58975,16.35925,14.581999999999999,2.5558716712699017,10
insect,base,blf,flat,200,15.6005,12.97425,16.758499999999998,14.9268,2.5871748985245584,10
insect,base,blf,flat,210,15.8155,13.37175,16.7965,15.2159,2.5346587519602886,10
insect,base,blf,flat,220,15.921,13.59425,16.9675,15.4121,2.5989327916580596,10
insect,base,blf,flat,230,16.0775,14.062750000000001,17.052,15.623,2.5491674457882647,10
insect,base,blf,flat,240,16.177,14.08325,17.34375,15.756200000000002,2.6444052807557483,10
insect,base,blf,flat,250,16.288,14.36075,17.406,15.872900000000001,2.6222314267729225,10
insect,base,blf,flat,260,16.355,14.442250000000001,17.467,15.941500000000001,2.6056188537679708,10
insect,base,blf,flat,270,16.485500000000002,14.442250000000001,17.5185,16.038400000000003,2.6564056835422467,10
insect,base,blf,flat,280,16.521,14.58675,17.72075,16.1388,2.6520112619167615,10
insect,base,blf,flat,290,16.612499999999997,14.70675,17.72075,16.238,2.6599897242909294,10
insect,base,blf,flat,300,16.686999999999998,14.731499999999999,17.7395,16.2977,2.6653017777855226,10
insect,base,blf,rugged,1,1.2690000000000001,0.9675,1.572,1.3678000000000001,0.5830766673431548,10
insect,base,blf,rugged,10,3.3235,2.8812499999999996,3.923,3.3487,0.7608590247579083,10
insect,base,blf,rugged,20,4.4235,4.281000000000001,5.2385,4.7548,0.9576848008493075,10
insect,base,blf,rugged,30,5.016500000000001,4.6305,6.20775,5.5104,1.2054396339556415,10
insect,base,blf,rugged,40,5.5355,4.85675,6.775499999999999,5.8421,1.2793866108413048,10
insect,base,blf,rugged,50,6.1594999999999995,5.5815,7.2379999999999995,6.2973,1.343631153917539,10
insect,base,blf,rugged,60,6.1995000000000005,5.89875,8.26125,7.050700000000001,2.069966615404434,10
insect,base,blf,rugged,70,6.735,6.04025,8.26725,7.3742,2.1603330916010766,10
insect,base,blf,rugged,80,7.359,6.547,8.64025,7.842099999999999,2.0683754467912467,10
insect,base,blf,rugged,90,7.598,6.62875,8.995249999999999,8.2852,2.228626273439912,10
insect,base,blf,rugged,100,7.7445,7.02175,10.3895,8.9039,2.540020579531679,10
insect,base,blf,rugged,110,8.0435,7.18175,10.3895,9.0699,2.5986854133922743,10
insect,base,blf,rugged,120,8.283999999999999,7.403,10.3895,9.235899999999999,2.5303036466883664,10
insect,base,blf,rugged,130,8.302,7.8447499999999994,11.46075,9.5502,2.5183264637011975,10
insect,base,blf,rugged,140,8.438500000000001,7.857,11.713000000000001,9.7105,2.524638863063169,10
insect,base,blf,rugged,150,9.517,7.8622499999999995,12.216,10.1077,2.524871748118,10
insect,base,blf,rugged,160,9.848500000000001,8.336,12.6655,10.4348,2.4983113319022334,10
insect,base,blf,rugged,170,9.9835,8.96525,12.889,10.8219,2.487395713056798,10
insect,base,blf,rugged,180,10.529,9.1675,13.121500000000001,11.149600000000001,2.4500617769989215,10
insect,base,blf,rugged,190,10.7225,9.33025,13.7035,11.3925,2.4123268734656267,10
insect,base,blf,rugged,200,11.433,9.3595,13.75225,11.6035,2.412057362962627,10
insect,base,blf,rugged,210,11.6615,9.396999999999998,13.8005,11.7179,2.397913233996964,10
insect,base,blf,rugged,220,11.8265,9.51625,13.849250000000001,11.8143,2.3778302925145858,10
insect,base,blf,rugged,230,12.332,9.7585,13.98575,12.0776,2.413106950708061,10
insect,base,blf,rugged,240,12.625499999999999,9.828,13.98575,12.220099999999999,2.39948149260071,10
insect,base,blf,rugged,250,12.6585,9.996500000000001,14.006,12.3074,2.343942936355083,10
insect,base,blf,rugged,260,12.794,9.9995,14.0765,12.3664,2.329895238465073,10
insect,base,blf,rugged,270,12.975000000000001,9.9995,14.1965,12.4745,2.3933216457467643,10
insect,base,blf,rugged,280,12.975000000000001,10.16,14.1965,12.5255,2.332589607663075,10
insect,base,blf,rugged,290,13.0595,10.314499999999999,14.21975,12.6202,2.3474904235989738,10
insect,base,blf,rugged,300,13.265,10.314499999999999,14.293,12.6906,2.369599928726835,10
insect,phi,uncoupled,flat,1,0.888,0.68325,1.06775,0.9247,0.31571789447050497,10
insect,phi,uncoupled,flat,10,2.4299999999999997,1.76375,2.694,2.4359,0.9855883127463628,10
insect,phi,uncoupled,flat,20,2.742,2.42975,3.685,2.9867999999999997,0.8391392150425473,10
insect,phi,uncoupled,flat,30,3.3795,3.1862500000000002,3.8432500000000003,3.3223,0.7431081946048562,10
insect,phi,uncoupled,flat,40,4.276,3.471,5.004,4.1877,1.1184367115656468,10
insect,phi,uncoupled,flat,50,4.5489999999999995,3.84225,5.66475,4.5802,1.2351503552199627,10
insect,phi,uncoupled,flat,60,4.783,4.4895,5.729,5.015700000000001,1.3438036438904801,10
insect,phi,uncoupled,flat,70,5.0205,4.535,5.729,5.252,1.6873813373916926,10
insect,phi,uncoupled,flat,80,5.4345,4.704750000000001,6.28825,5.595599999999999,1.691855404906433,10
insect,phi,uncoupled,flat,90,5.8895,4.8740000000000006,6.41575,5.804,1.647845124869311,10
insect,phi,uncoupled,flat,100,6.343,5.30175,6.8865,6.1373,1.5595560657514758,10
insect,phi,uncoupled,flat,110,6.3515,5.621,7.37875,6.5047,1.293017835229747,10
insect,phi,uncoupled,flat,120,6.3515,5.621,8.04475,6.8872,1.7044955460976325,10
insect,phi,uncoupled,flat,130,7.0215,6.38325,8.6185,7.5089,1.3583976222005099,10
insect,phi,uncoupled,flat,140,7.0215,6.38325,8.9155,7.6016,1.4694290047498042,10
insect,phi,uncoupled,flat,150,7.901999999999999,6.5525,9.502,8.0231,1.5876731016735706,10
insect,phi,uncoupled,flat,160,8.567,6.60725,9.81275,8.5657,2.1051592734676077,10
insect,phi,uncoupled,flat,170,9.272,6.993,9.83225,8.784699999999999,1.9980968194759738,10
insect,phi,uncoupled,flat,180,9.314499999999999,6.993,10.000250000000001,8.8744,2.059985177940203,10
insect,phi,uncoupled,flat,190,9.314499999999999,7.329000000000001,10.28025,9.0486,2.1998840474493693,10
insect,phi,uncoupled,flat,200,9.314499999999999,7.65025,10.475000000000001,9.2477,2.1746668225015275,10
insect,phi,uncoupled,flat,210,9.317499999999999,7.6985,10.539000000000001,9.3188,2.21323683524581,10
insect,phi,uncoupled,flat,220,9.624500000000001,7.7745,10.7135,9.4634,2.201368221003575,10
insect,phi,uncoupled,flat,230,9.8505,7.7745,10.917,9.623000000000001,2.3841471337892624,10
insect,phi,uncoupled,flat,240,9.8525,7.7745,10.934750000000001,9.7002,2.523043567686544,10
insect,phi,uncoupled,flat,250,10.2965,7.994,10.99175,9.9449,2.5270036912429616,10
insect,phi,uncoupled,flat,260,10.387,7.994,11.0385,10.0307,2.5971466843441866,10
insect,phi,uncoupled,flat,270,10.675999999999998,7.994,11.096499999999999,10.1222,2.6295016764905603,10
insect,phi,uncoupled,flat,280,10.852,7.994,11.14725,10.2115,2.6993006604592154,10
insect,phi,uncoupled,flat,290,10.852,7.994,11.252749999999999,10.260299999999999,2.688001448825667,10
insect,phi,uncoupled,flat,300,11.0825,8.20075,11.3345,10.4431,2.775987409913813,10
insect,phi,uncoupled,rugged,1,0.698,0.629,0.81075,0.7412,0.3032127232745281,10
insect,phi,uncoupled,rugged,10,2.0345,1.6085,2.45425,2.123,0.5915796180096508,10
insect,phi,uncoupled,rugged,20,2.5415,2.3572499999999996,2.67725,2.7011,0.5909533634541543,10
insect,phi,uncoupled,rugged,30,3.3305,2.85725,3.6005,3.1915,0.6525691534236046,10
insect,phi,uncoupled,rugged,40,3.4105,3.29975,3.6207499999999997,3.478,0.3452831366349135,10
insect,phi,uncoupled,rugged,50,3.505,3.3179999999999996,4.86975,4.0871,1.0984735317703382,10
insect,phi,uncoupled,rugged,60,4.2565,3.708,4.92125,4.4509,0.988846741299064,10
insect,phi,uncoupled,rugged,70,4.471,4.08825,4.9605,4.630599999999999,0.8731632404335655,10
insect,phi,uncoupled,rugged,80,4.6615,4.2195,5.363250000000001,4.8521,0.7747900719262965,10
insect,phi,uncoupled,rugged,90,4.884,4.6235,5.3877500000000005,5.0283,0.6544293612674241,10
insect,phi,uncoupled,rugged,100,5.208,4.8315,5.665,5.2917000000000005,0.7055225092873446,10
insect,phi,uncoupled,rugged,110,5.208,4.8315,5.866750000000001,5.5009,1.0696654149779734,10
insect,phi,uncoupled,rugged,120,5.5335,5.33175,5.928,5.7804,1.1186772148886877,10
insect,phi,uncoupled,rugged,130,6.4495000000000005,5.750249999999999,7.32775,6.4114,1.3495056872796054,10
insect,phi,uncoupled,rugged,140,6.87,5.8965,7.878749999999999,6.9228,1.0986881874914889,10
insect,phi,uncoupled,rugged,150,7.319,6.36125,7.968,7.1842,1.0261707460262157,10
insect,phi,uncoupled,rugged,160,7.6195,6.65,8.08675,7.376399999999999,0.9748859990332773,10
insect,phi,uncoupled,rugged,170,7.829,7.11825,8.33575,7.6131,0.9780719639508468,10
insect,phi,uncoupled,rugged,180,7.9825,7.11825,8.66525,7.859999999999999,0.9318441691374988,10
insect,phi,uncoupled,rugged,190,8.314,7.1795,9.00225,8.1711,1.1549041759191778,10
insect,phi,uncoupled,rugged,200,8.4755,7.63625,9.124749999999999,8.3368,1.1447512878835784,10
insect,phi,uncoupled,rugged,210,8.671,7.699,9.17775,8.5116,1.049947427255289,10
insect,phi,uncoupled,rugged,220,8.671,7.72525,9.298499999999999,8.5586,1.0863493606263748,10
insect,phi,uncoupled,rugged,230,8.72,7.7692499999999995,9.493,8.676400000000001,1.077559402848245,10
insect,phi,uncoupled,rugged,240,8.956,7.9725,9.555,8.8167,1.1044620661460292,10
insect,phi,uncoupled,rugged,250,9.161,8.225999999999999,9.560500000000001,9.034,1.1088992540152396,10
insect,phi,uncoupled,rugged,260,9.2975,8.493749999999999,9.667750000000002,9.2506,1.1100303499354323,10
insect,phi,uncoupled,rugged,270,9.3875,9.125499999999999,9.882,9.470699999999999,1.0724953302151634,10
insect,phi,uncoupled,rugged,280,9.444500000000001,9.125499999999999,9.9215,9.5167,1.0901318014095565,10
insect,phi,uncoupled,rugged,290,9.761,9.125499999999999,9.98125,9.6283,1.1610780479077767,10
insect,phi,uncoupled,rugged,300,9.808499999999999,9.125499999999999,10.186,9.6845,1.1569274681961121,10
queen,base,blf,flat,1,0.9115,0.8345,1.195,1.0625,0.35383086040900646,10
queen,base,blf,flat,10,3.0515,2.84375,3.43525,3.4139000000000004,0.8603031055002263,10
queen,base,blf,flat,20,5.2219999999999995,4.3782499999999995,6.4625,5.4013,1.2812946620942083,10
queen,base,blf,flat,30,5.785500000000001,4.94275,6.848,5.8972,1.132905684021794,10
queen,base,blf,flat,40,5.785500000000001,5.235250000000001,7.1945,6.2921,1.611651289137255,10
queen,base,blf,flat,50,6.188000000000001,5.596500000000001,7.30075,6.532500000000001,1.4934810380822083,10
queen,base,blf,flat,60,6.838,5.94725,7.801,7.120100000000001,1.4914131590914408,10
queen,base,blf,flat,70,7.4735,6.3185,8.434999999999999,7.827799999999999,1.9468776597984325,10
queen,base,blf,flat,80,7.557499999999999,6.74475,10.42475,8.5073,2.4225762251509586,10
queen,base,blf,flat,90,7.7515,6.74475,10.499,8.7845,2.6888087097779527,10
queen,base,blf,flat,100,8.680499999999999,7.2357499999999995,10.911249999999999,9.2967,2.493502313792568,10
queen,base,blf,flat,110,8.682500000000001,7.5825,11.06,9.629900000000001,2.6158601920676965,10
queen,base,blf,flat,120,9.1575,7.596,12.513000000000002,10.1792,2.956168082726917,10
queen,base,blf,flat,130,9.564,8.03775,12.82025,10.5554,3.0787669681943197,10
queen,base,blf,flat,140,10.372499999999999,8.33225,13.12725,10.9421,3.0911200576993303,10
queen,base,blf,flat,150,11.137,8.33225,13.610249999999999,11.4963,3.6029983516818627,10
queen,base,blf,flat,160,12.1395,8.41525,15.21175,12.2392,3.953194286481082,10
queen,base,blf,flat,170,12.2745,8.98175,15.7365,12.6033,4.047004627567845,10
queen,base,blf,flat,180,12.6765,9.0315,16.503,13.0524,4.227200707586785,10
queen,base,blf,flat,190,12.8875,9.11975,16.503,13.2106,4.192135525799073,10
queen,base,blf,flat,200,13.208,9.568,16.7725,13.5475,4.269415501239277,10
queen,base,blf,flat,210,13.325,10.17425,17.4705,13.815000000000001,4.315604991706777,10
queen,base,blf,flat,220,14.013,10.4715,17.4705,14.272300000000001,4.054982094767976,10
queen,base,blf,flat,230,14.5285,10.758000000000001,18.032999999999998,14.5451,4.035736073575123,10
queen,base,blf,flat,240,15.3205,10.79725,18.30125,14.881200000000002,4.04081715608228,10
queen,base,blf,flat,250,15.368500000000001,10.817499999999999,18.63125,15.007499999999999,4.104651649856132,10
queen,base,blf,flat,260,15.515,11.22625,18.704,15.169900000000002,4.0255074614540485,10
queen,base,blf,flat,270,15.638000000000002,11.282250000000001,18.87175,15.316400000000002,4.056178064248276,10
queen,base,blf,flat,280,16.0385,11.4065,19.254250000000003,15.5327,4.059587473568658,10
queen,base,blf,flat,290,16.418,11.54525,19.254250000000003,15.6805,4.012680186331547,10
queen,base,blf,flat,300,17.142,11.5565,19.254250000000003,15.840200000000001,4.048495846882175,10
queen,base,blf,rugged,1,1.3094999999999999,1.18175,1.6047500000000001,1.3757,0.28886753980943514,10
queen,base,blf,rugged,10,2.3505000000000003,2.1717500000000003,3.331,2.7891,0.8788662456698276,10
queen,base,blf,rugged,20,4.881,3.9632500000000004,5.82975,4.741,1.372023404400312,10
queen,base,blf,rugged,30,5.2010000000000005,4.361000000000001,6.31125,5.2614,1.3879568677256025,10
queen,base,blf,rugged,40,5.3025,4.856,6.587249999999999,5.7218,1.656359515456848,10
queen,base,blf,rugged,50,6.048,5.30025,7.0575,6.348599999999999,1.610712692499124,10
queen,base,blf,rugged,60,6.048,5.34075,7.9182500000000005,6.867900000000001,2.217530981870502,10
queen,base,blf,rugged,70,6.848,6.32675,9.60625,7.7652,2.2846580001780965,10
queen,base,blf,rugged,80,7.0065,6.634,10.16575,8.1462,2.5547631679755454,10
queen,base,blf,rugged,90,8.2055,7.0655,11.0725,8.7134,2.577828853900119,10
queen,base,blf,rugged,100,8.468,7.357749999999999,11.565,9.0936,2.7993110342844485,10
queen,base,blf,rugged,110,9.175999999999998,7.6815,11.565,9.4842,2.575685315492645,10
queen,base,blf,rugged,120,9.600999999999999,8.37325,11.98025,9.9386,2.7100884446412037,10
queen,base,blf,rugged,130,9.7255,9.46225,12.56825,10.3339,2.8718311792691127,10
queen,base,blf,rugged,140,10.279,10.06325,13.0405,10.7866,2.8753740703505763,10
queen,base,blf,rugged,150,11.011500000000002,10.43525,13.6735,11.3464,3.0163571185565328,10
queen,base,blf,rugged,160,11.934000000000001,11.686499999999999,14.06925,11.915099999999999,3.0464683177592886,10
queen,base,blf,rugged,170,11.934000000000001,11.80575,14.38325,12.341899999999999,2.7320451212314274,10
queen,base,blf,rugged,180,12.563,11.9575,14.637,12.6065,2.6764241587943003,10
queen,base,blf,rugged,190,12.824000000000002,12.18875,14.71725,12.8055,2.5981241202922623,10
queen,base,blf,rugged,200,13.185,12.475000000000001,15.3475,13.1257,2.8137603566125606,10
queen,base,blf,rugged,210,13.45,12.715,15.5395,13.3132,2.8489556683107584,10
queen,base,blf,rugged,220,13.6795,13.1275,15.5395,13.532599999999999,2.9396345653461378,10
queen,base,blf,rugged,230,13.870000000000001,13.1275,15.57,13.6435,2.848428075272395,10
queen,base,blf,rugged,240,13.897,13.1275,15.59325,13.8125,3.0267311758910975,10
queen,base,blf,rugged,250,14.401,13.499500000000001,15.61425,14.1923,2.8211934058715893,10
queen,base,blf,rugged,260,14.401,13.87375,15.652,14.3412,2.7468147532895055,10
queen,base,blf,rugged,270,14.4555,13.937,15.652,14.3786,2.741794311111693,10
queen,base,blf,rugged,280,14.5905,14.0405,15.652,14.5626,2.561426477570653,10
queen,base,blf,rugged,290,14.932500000000001,14.0405,15.7555,14.6724,2.575616353419119,10
queen,base,blf,rugged,300,15.0245,14.0405,15.783249999999999,14.7206,2.5722400181769802,10
queen,phi,uncoupled,flat,1,0.9185000000000001,0.8125,1.124,0.993,0.2675846698814332,10
queen,phi,uncoupled,flat,10,1.9794999999999998,1.8465,2.10875,2.0554,0.28242961758443275,10
queen,phi,uncoupled,flat,20,2.659,2.5429999999999997,2.87325,2.7413,0.4111674570996321,10
queen,phi,uncoupled,flat,30,2.977,2.70375,3.363,3.0186,0.37938640519191563,10
queen,phi,uncoupled,flat,40,3.2655000000000003,2.8754999999999997,3.42375,3.1637,0.33006936981320895,10
queen,phi,uncoupled,flat,50,3.363,3.2,3.5460000000000003,3.4751,0.5330406384340899,10
queen,phi,uncoupled,flat,60,3.4035,3.31275,3.7277500000000003,3.6589,0.7184214872436189,10
queen,phi,uncoupled,flat,70,3.551,3.38325,4.185,3.8152,0.7007888888008047,10
queen,phi,uncoupled,flat,80,3.7024999999999997,3.4612499999999997,4.20175,3.8954999999999997,0.6514549954610149,10
queen,phi,uncoupled,flat,90,3.793,3.6195,4.27375,4.0146999999999995,0.6084694916117177,10
queen,phi,uncoupled,flat,100,3.938,3.7815,4.329,4.3187,0.9631878840600103,10
queen,phi,uncoupled,flat,110,4.26,3.9895,5.327999999999999,4.7339,1.076503129994934,10
queen,phi,uncoupled,flat,120,4.337,4.04,5.327999999999999,4.7970999999999995,1.026612276697813,10
queen,phi,uncoupled,flat,130,4.773,4.0435,6.23925,5.324,1.534630755444304,10
queen,phi,uncoupled,flat,140,4.7975,4.077,6.413,5.6049,1.933814391300261,10
queen,phi,uncoupled,flat,150,4.822,4.14525,7.7090000000000005,5.8308,2.1107597263123585,10
queen,phi,uncoupled,flat,160,5.362500000000001,4.427250000000001,7.7090000000000005,6.2548,2.4502679581357354,10
queen,phi,uncoupled,flat,170,5.4815000000000005,4.427250000000001,8.045,6.420999999999999,2.4830295563641154,10
queen,phi,uncoupled,flat,180,6.1265,4.427250000000001,8.123750000000001,6.6113,2.4975871934506886,10
queen,phi,uncoupled,flat,190,6.210000000000001,4.66425,9.20775,7.1287,2.8651934606002896,10
queen,phi,uncoupled,flat,200,6.646000000000001,4.72775,9.20775,7.3352,3.01719740450932,10
queen,phi,uncoupled,flat,210,7.032,4.806,10.24625,7.9387,3.523639944085598,10
queen,phi,uncoupled,flat,220,7.507,4.806,10.36125,8.2456,3.846068503463418,10
queen,phi,uncoupled,flat,230,7.536,4.8065,10.3905,8.3432,3.9859635333114745,10
queen,phi,uncoupled,flat,240,7.5855,4.869,10.85625,8.4362,3.9989890055696167,10
queen,phi,uncoupled,flat,250,7.946,4.96875,12.20625,8.7935,4.300115999727345,10
queen,phi,uncoupled,flat,260,7.980499999999999,4.96875,12.79175,9.130700000000001,4.6562427163254,10
queen,phi,uncoupled,flat,270,7.980499999999999,5.0845,13.21875,9.2493,4.706248825881511,10
queen,phi,uncoupled,flat,280,8.2655,5.09975,13.534,9.463,4.837358163295333,10
queen,phi,uncoupled,flat,290,8.3185,5.09975,13.95625,9.7269,5.147454698953433,10
queen,phi,uncoupled,flat,300,8.3275,5.09975,14.283999999999999,9.8414,5.2847195699803535,10
queen,phi,uncoupled,rugged,1,0.9115,0.7655,1.0485,0.9257,0.2541657595612228,10
queen,phi,uncoupled,rugged,10,1.3915000000000002,1.335,1.483,1.4257,0.21825573684709101,10
queen,phi,uncoupled,rugged,20,1.991,1.77525,2.44,2.2056,0.6133284782416534,10
queen,phi,uncoupled,rugged,30,2.8375000000000004,2.2535000000000003,3.37975,2.8923,0.8506200418257,10
queen,phi,uncoupled,rugged,40,3.137,2.80275,3.79075,3.2158,0.7530513926685218,10
queen,phi,uncoupled,rugged,50,3.5475000000000003,2.85525,4.15125,3.5178,0.8781930691292585,10
queen,phi,uncoupled,rugged,60,3.5865,3.26575,5.27625,4.0947000000000005,1.4338413092110298,10
queen,phi,uncoupled,rugged,70,3.9805,3.32,5.319,4.3078,1.5483335701470937,10
queen,phi,uncoupled,rugged,80,4.5915,3.35575,6.00175,4.716,1.726437565238508,10
queen,phi,uncoupled,rugged,90,4.5915,3.35575,6.18775,4.805400000000001,1.8236584841100778,10
queen,phi,uncoupled,rugged,100,4.7219999999999995,3.35575,7.458,5.2004,2.2093670888590093,10
queen,phi,uncoupled,rugged,110,5.234999999999999,4.05875,7.458,5.4711,2.0875481338429327,10
queen,phi,uncoupled,rugged,120,5.234999999999999,4.05875,7.49425,5.4834000000000005,2.0911009965512855,10
queen,phi,uncoupled,rugged,130,5.9535,4.09825,7.49425,5.6435,2.058783095261212,10
queen,phi,uncoupled,rugged,140,5.9535,4.3755,7.49425,5.7844,2.0310354885022455,10
queen,phi,uncoupled,rugged,150,6.1935,4.3755,7.49425,5.838900000000001,2.0252678533413246,10
queen,phi,uncoupled,rugged,160,6.1935,4.45375,7.7372499999999995,5.9388000000000005,2.0879876436415996,10
queen,phi,uncoupled,rugged,170,6.8705,4.458500000000001,7.885000000000001,6.1252,2.157596440486497,10
queen,phi,uncoupled,rugged,180,7.1145,4.6055,8.19475,6.4315,2.418841515638794,10
queen,phi,uncoupled,rugged,190,7.1985,4.6255,8.31025,6.5025,2.4487027971742275,10
queen,phi,uncoupled,rugged,200,7.1985,4.689,8.62725,6.600499999999999,2.4980914603841953,10
queen,phi,uncoupled,rugged,210,7.301,4.75,8.62725,6.6591,2.460377182014534,10
queen,phi,uncoupled,rugged,220,7.4575,4.9245,8.87975,6.8561000000000005,2.5946377375057366,10
queen,phi,uncoupled,rugged,230,7.567,4.95975,8.9535,6.9602,2.6666799916333757,10
queen,phi,uncoupled,rugged,240,7.567,4.995,8.9535,6.9691,2.6622161799690294,10
queen,phi,uncoupled,rugged,250,7.567,5.01675,9.45575,7.083200000000001,2.7434195936215566,10
queen,phi,uncoupled,rugged,260,7.84,5.059749999999999,9.46175,7.151000000000001,2.7502911361042,10
queen,phi,uncoupled,rugged,270,7.8565,5.059749999999999,9.46175,7.2139,2.671450976945342,10
queen,phi,uncoupled,rugged,280,8.081,5.059749999999999,9.614,7.3102,2.7426427968496205,10
queen,phi,uncoupled,rugged,290,8.2725,5.07625,9.659,7.3763000000000005,2.7859322417380423,10
queen,phi,uncoupled,rugged,300,8.478,5.07625,9.659,7.4185,2.79422894353503,10
spider,base,blf,flat,1,1.4425,1.2605,1.9995,1.5962,0.46509038548078663,10
spider,base,blf,flat,10,3.0845000000000002,2.6767499999999997,3.39475,3.0038,0.4693775547348733,10
spider,base,blf,flat,20,3.7155,3.62425,4.59075,4.191599999999999,1.018399746879605,10
spider,base,blf,flat,30,4.535500000000001,4.38825,5.241,4.7783,0.757321896920692,10
spider,base,blf,flat,40,5.454000000000001,5.114,5.601999999999999,5.5024,0.8936778191520948,10
spider,base,blf,flat,50,5.58,5.44675,6.304,5.8576,1.0327315667146466,10
spider,base,blf,flat,60,6.6690000000000005,5.85975,7.57375,6.6898,1.4601549232872517,10
spider,base,blf,flat,70,7.1945,6.2235,8.56825,7.218500000000001,1.527543798244605,10
spider,base,blf,flat,80,8.0825,7.332750000000001,8.8255,7.8443,1.7320989867787582,10
spider,base,blf,flat,90,8.2485,7.808,9.163,8.189400000000001,1.5364074401740646,10
spider,base,blf,flat,100,8.3265,7.891,9.3615,8.5177,1.794367734514491,10
spider,base,blf,flat,110,9.187000000000001,8.2765,10.41875,9.386500000000002,1.5191878861198613,10
spider,base,blf,flat,120,9.8485,8.99775,11.079,10.1381,1.5489373741016417,10
spider,base,blf,flat,130,10.5795,9.488,12.66975,10.9446,1.8592332469775452,10
spider,base,blf,flat,140,11.497499999999999,10.0935,12.94325,11.4097,1.9824095916053495,10
spider,base,blf,flat,150,11.888000000000002,10.5035,13.6585,11.760200000000001,2.041455461184494,10
spider,base,blf,flat,160,12.503,11.30325,14.34425,12.5235,1.9804221351351665,10
spider,base,blf,flat,170,12.7065,11.441,14.4335,12.830000000000002,1.9755674852783165,10
spider,base,blf,flat,180,13.9165,11.974,15.30425,13.624699999999999,1.8659687415507378,10
spider,base,blf,flat,190,14.2695,12.98225,15.5615,14.1023,1.7639479111734937,10
spider,base,blf,flat,200,14.3645,13.5755,15.83275,14.3486,1.7167572273847507,10
spider,base,blf,flat,210,14.8215,14.048,15.990750000000002,14.6852,1.7998683779037221,10
spider,base,blf,flat,220,14.998999999999999,14.3505,16.247999999999998,14.955699999999998,1.8953442988309823,10
spider,base,blf,flat,230,15.6475,14.95275,16.42825,15.374100000000002,1.8118645062169765,10
spider,base,blf,flat,240,15.9835,15.131499999999999,16.721,15.5972,1.9110376355384637,10
spider,base,blf,flat,250,16.268,15.217749999999999,16.802,15.7976,1.8485134688296014,10
spider,base,blf,flat,260,16.567500000000003,15.37925,17.11175,15.9947,1.908560134994151,10
spider,base,blf,flat,270,16.625500000000002,15.614,17.11175,16.0747,1.882349539508772,10
spider,base,blf,flat,280,16.7735,15.63825,17.146250000000002,16.1477,1.8657693110945486,10
spider,base,blf,flat,290,16.871499999999997,15.8485,17.162,16.2407,1.847210031371636,10
spider,base,blf,flat,300,16.897,15.863,17.253999999999998,16.3198,1.8698495958528618,10
spider,base,blf,rugged,1,1.54,1.3305,2.04925,1.7457999999999998,0.5916400557395987,10
spider,base,blf,rugged,10,3.056,2.44375,3.26325,2.8876999999999997,0.47224124013991925,10
spider,base,blf,rugged,20,3.8360000000000003,3.28575,5.05175,4.3154,1.2927548706369492,10
spider,base,blf,rugged,30,4.4855,3.7680000000000002,5.15225,4.7101,1.253051160612012,10
spider,base,blf,rugged,40,4.4985,3.888,6.33925,5.0652,1.6569477159323205,10
spider,base,blf,rugged,50,4.927,4.382,7.000249999999999,5.700699999999999,1.9502572508375513,10
spider,base,blf,rugged,60,5.209,4.412,7.3732500000000005,5.9499,2.1552605127403455,10
spider,base,blf,rugged,70,6.116,5.12425,8.341,6.736400000000001,2.4188239658515407,10
spider,base,blf,rugged,80,6.403499999999999,5.12425,9.20475,7.053,2.6872477866148974,10
spider,base,blf,rugged,90,6.629,5.7735,9.428749999999999,7.5767,2.8025110982038153,10
spider,base,blf,rugged,100,7.2995,5.88625,9.97975,8.016200000000001,2.7909274364546914,10
spider,base,blf,rugged,110,7.9095,5.88625,10.17075,8.2929,2.73643870142685,10
spider,base,blf,rugged,120,8.120000000000001,6.54625,10.55775,8.7005,2.7590218979437866,10
spider,base,blf,rugged,130,8.402000000000001,6.56025,11.59525,9.052299999999999,2.9270987551195162,10
spider,base,blf,rugged,140,8.857,7.4285,12.1745,9.767399999999999,2.8968887601854667,10
spider,base,blf,rugged,150,9.433,7.471,12.305250000000001,10.058800000000002,2.96374548314947,10
spider,base,blf,rugged,160,9.619,8.278500000000001,12.68225,10.4461,3.004740530487709,10
spider,base,blf,rugged,170,10.252500000000001,8.8575,12.838000000000001,10.8399,2.933060345251848,10
spider,base,blf,rugged,180,10.5225,9.04325,12.987,11.072799999999999,2.933040545993943,10
spider,base,blf,rugged,190,10.727,9.42175,13.1865,11.2385,2.8817612380857187,10
spider,base,blf,rugged,200,11.0305,9.687999999999999,13.28625,11.459900000000001,2.845904404188197,10
spider,base,blf,rugged,210,11.344999999999999,9.970749999999999,13.456499999999998,11.6678,2.8993059629274494,10
spider,base,blf,rugged,220,11.699,10.506499999999999,13.59625,11.929599999999999,2.6919905976391845,10
spider,base,blf,rugged,230,11.839500000000001,10.88975,13.648,12.1356,2.486502282323505,10
spider,base,blf,rugged,240,12.183,10.960249999999998,13.648,12.3631,2.2380521019652586,10
spider,base,blf,rugged,250,12.631,11.0455,13.69975,12.5006,2.193458669164599,10
spider,base,blf,rugged,260,12.892,11.0455,13.94575,12.6241,2.209074791249344,10
spider,base,blf,rugged,270,12.986,11.0455,13.99725,12.7598,2.106184586191607,10
spider,base,blf,rugged,280,13.042000000000002,11.06875,14.1785,12.9329,2.080621993005404,10
spider,base,blf,rugged,290,13.203,11.06875,14.3915,13.055000000000001,2.0423204667458266,10
spider,base,blf,rugged,300,13.203,11.3765,14.40375,13.136000000000001,1.9631525666641398,10
spider,phi,uncoupled,flat,1,0.9889999999999999,0.88375,1.0705,0.9997999999999999,0.24839833601160316,10
spider,phi,uncoupled,flat,10,1.7955,1.5855,1.998,1.7528,0.30933864937960787,10
spider,phi,uncoupled,flat,20,1.924,1.82225,2.077,2.1881,0.7235768330546063,10
spider,phi,uncoupled,flat,30,2.3315,2.02375,3.051,2.6978,0.9148029295974078,10
spider,phi,uncoupled,flat,40,2.9939999999999998,2.14175,3.77175,2.9966999999999997,0.9107423162819803,10
spider,phi,uncoupled,flat,50,3.028,2.89675,3.77175,3.2198,0.716777634819738,10
spider,phi,uncoupled,flat,60,3.084,2.94725,3.77175,3.3189,0.5987875620321822,10
spider,phi,uncoupled,flat,70,3.132,3.04275,3.96475,3.4391,0.6088001770331178,10
spider,phi,uncoupled,flat,80,3.7415000000000003,3.04275,4.34725,3.8579999999999997,1.0431639905168848,10
spider,phi,uncoupled,flat,90,4.056,3.33225,4.450749999999999,4.0251,0.9637369915536546,10
spider,phi,uncoupled,flat,100,4.056,3.4635,4.450749999999999,4.0638,0.9188868628218965,10
spider,phi,uncoupled,flat,110,4.175,3.7425,5.1315,4.4081,1.125724897319254,10
spider,phi,uncoupled,flat,120,4.192,3.9405,5.5395,4.6091,1.2134699968822193,10
spider,phi,uncoupled,flat,130,4.192,3.9405,5.74125,4.7006,1.2063947391574066,10
spider,phi,uncoupled,flat,140,4.6434999999999995,3.9405,5.8477500000000004,5.116,1.561422143787871,10
spider,phi,uncoupled,flat,150,4.6434999999999995,3.98675,6.45,5.2909999999999995,1.68816455227432,10
spider,phi,uncoupled,flat,160,4.6434999999999995,4.0165,6.78825,5.3642,1.7458364311826138,10
spider,phi,uncoupled,flat,170,4.714,4.1915,6.82275,5.5306,1.9178160727475642,10
spider,phi,uncoupled,flat,180,5.058,4.8415,6.894,5.8893,1.8946781638168644,10
spider,phi,uncoupled,flat,190,5.454,4.99,7.04075,6.068,1.8941367426878135,10
spider,phi,uncoupled,flat,200,5.8495,4.99,7.36475,6.3373,2.0643622125112744,10
spider,phi,uncoupled,flat,210,6.6385000000000005,4.99,8.62875,6.751600000000001,2.1817894897945074,10
spider,phi,uncoupled,flat,220,7.072,5.47,8.70975,6.9801,2.1426113584440207,10
spider,phi,uncoupled,flat,230,7.117,5.5495,8.733,7.201099999999999,2.2514119248941444,10
spider,phi,uncoupled,flat,240,7.254,5.55025,8.76975,7.3604,2.3426750711289195,10
spider,phi,uncoupled,flat,250,7.362500000000001,5.80225,9.370000000000001,7.578799999999999,2.349884763132014,10
spider,phi,uncoupled,flat,260,8.214500000000001,6.0005,9.514500000000002,8.032,2.35855299330378,10
spider,phi,uncoupled,flat,270,8.5695,6.08125,10.418999999999999,8.850399999999999,3.1322779499200823,10
spider,phi,uncoupled,flat,280,8.6595,6.1045,10.607,8.9524,3.1674963895445525,10
spider,phi,uncoupled,flat,290,8.8165,6.26175,10.9925,9.1206,3.1938756394073953,10
spider,phi,uncoupled,flat,300,8.961,6.524,11.12525,9.3063,3.1774103728945335,10
spider,phi,uncoupled,rugged,1,0.96,0.7675000000000001,1.1185,0.9428000000000001,0.23556494740186715,10
spider,phi,uncoupled,rugged,10,1.4369999999999998,1.34625,1.51025,1.4489,0.18583352765311215,10
spider,phi,uncoupled,rugged,20,2.048,1.804,2.39475,2.0816,0.38016522723678975,10
spider,phi,uncoupled,rugged,30,2.5629999999999997,2.17575,2.87475,2.4854,0.47758680421003635,10
spider,phi,uncoupled,rugged,40,3.002,2.589,3.05575,2.9461,0.5414177787172408,10
spider,phi,uncoupled,rugged,50,3.0455,2.589,3.2817499999999997,3.1503,0.6646227083424432,10
spider,phi,uncoupled,rugged,60,3.0755,2.697,3.665,3.2474000000000003,0.6672692609933912,10
spider,phi,uncoupled,rugged,70,3.1345,3.0534999999999997,3.7295,3.4084000000000003,0.6343968614186056,10
spider,phi,uncoupled,rugged,80,3.2560000000000002,3.0534999999999997,4.0249999999999995,3.5933,0.8728329418877614,10
spider,phi,uncoupled,rugged,90,3.2635,3.0534999999999997,4.1605,3.7911,1.2005438998868618,10
spider,phi,uncoupled,rugged,100,3.7110000000000003,3.06975,4.17825,3.9909999999999997,1.2915044629337435,10
spider,phi,uncoupled,rugged,110,3.7465,3.157,5.519,4.4119,1.7700500589280268,10
spider,phi,uncoupled,rugged,120,4.18,3.4909999999999997,5.716,4.712400000000001,1.626595162362849,10
spider,phi,uncoupled,rugged,130,5.1745,4.279,5.8785,5.3365,1.462336277635513,10
spider,phi,uncoupled,rugged,140,5.7835,4.639,6.733499999999999,5.823600000000001,1.4407683289751263,10
spider,phi,uncoupled,rugged,150,6.021,4.639,6.733499999999999,5.9159,1.436378660227015,10
spider,phi,uncoupled,rugged,160,6.132,4.744,7.39025,6.1784,1.6070846067750546,10
spider,phi,uncoupled,rugged,170,6.9045000000000005,4.8645,7.72775,6.565900000000001,1.7454215313849608,10
spider,phi,uncoupled,rugged,180,7.061,5.064,8.611,6.8103,1.8969092434214607,10
spider,phi,uncoupled,rugged,190,7.399,5.418749999999999,8.620750000000001,6.9617,1.8984158337355326,10
spider,phi,uncoupled,rugged,200,7.6635,5.4647499999999996,8.6325,7.0941,1.9139966591170192,10
spider,phi,uncoupled,rugged,210,8.025500000000001,5.7545,8.745000000000001,7.4178,1.8394450733245007,10
spider,phi,uncoupled,rugged,220,8.308499999999999,5.9345,8.99525,7.631600000000001,1.7941246828963082,10
spider,phi,uncoupled,rugged,230,8.3445,6.897,9.20575,8.1051,1.42975689075684,10
spider,phi,uncoupled,rugged,240,8.5105,7.35425,9.52975,8.4245,1.3916691217543211,10
spider,phi,uncoupled,rugged,250,8.857,8.252749999999999,9.8255,8.8155,1.2872770788675518,10
spider,phi,uncoupled,rugged,260,8.9295,8.433499999999999,10.3705,9.0306,1.3591570263300048,10
spider,phi,uncoupled,rugged,270,9.0845,8.587499999999999,10.46225,9.182599999999999,1.3249456341047858,10
spider,phi,uncoupled,rugged,280,9.363,8.8355,10.58075,9.4408,1.3008679837366703,10
spider,phi,uncoupled,rugged,290,9.3865,8.84375,10.7205,9.6672,1.3948681180192868,10
spider,phi,uncoupled,rugged,300,9.717500000000001,9.09525,10.83225,9.859100000000002,1.2839031159363663,10
