morphology	lambda	run	distance	dragging
spider	0	1	7.619518	0.436867
spider	0	2	8.511494	0.303000
spider	0	3	7.703231	0.404700
spider	0	4	8.731827	0.331933
spider	0	5	9.816861	0.301200
spider	0	6	7.529365	0.323367
spider	0	7	9.135500	0.339067
spider	0	8	9.202595	0.307433
spider	0	9	8.020559	0.348867
spider	0	10	7.741952	0.417100
spider	0	11	8.270275	0.445167
spider	0	12	8.715813	0.295233
spider	0	13	7.160558	0.376133
spider	0	14	9.321032	0.375767
spider	0	15	9.536069	0.314967
spider	0	16	8.807195	0.313467
spider	0	17	7.628883	0.362200
spider	0	18	9.492961	0.318533
spider	0	19	9.308070	0.381167
spider	0	20	9.527958	0.325367
spider	0	21	9.430272	0.378500
spider	0	22	8.101718	0.342333
spider	0	23	9.395168	0.356433
spider	0	24	7.529681	0.400900
spider	0	25	8.330998	0.342067
spider	0	26	9.016750	0.355333
spider	0	27	7.793336	0.422667
spider	0	28	8.753401	0.324967
spider	0	29	9.163990	0.377133
spider	0	30	6.507783	0.426700
spider	1	1	7.672380	0.274167
spider	1	2	7.394673	0.047700
spider	1	3	6.761102	0.266667
spider	1	4	8.240993	0.299633
spider	1	5	7.639382	0.293833
spider	1	6	8.066109	0.054133
spider	1	7	7.582396	0.295433
spider	1	8	7.044246	0.051933
spider	1	9	7.896613	0.312867
spider	1	10	6.855607	0.301433
spider	1	11	8.397353	0.286167
spider	1	12	7.149721	0.117300
spider	1	13	9.291848	0.186500
spider	1	14	8.777464	0.302200
spider	1	15	7.348790	0.134100
spider	1	16	7.105921	0.334267
spider	1	17	7.139544	0.195967
spider	1	18	7.046390	0.226200
spider	1	19	9.137379	0.317300
spider	1	20	7.126163	0.095933
spider	1	21	6.991509	0.333767
spider	1	22	6.905076	0.296833
spider	1	23	8.253447	0.280467
spider	1	24	7.979155	0.302567
spider	1	25	7.768740	0.290767
spider	1	26	7.752588	0.334833
spider	1	27	7.779876	0.297067
spider	1	28	7.969790	0.276400
spider	1	29	8.882744	0.308767
spider	1	30	8.175627	0.289233
spider	2	1	7.993802	0.246367
spider	2	2	6.127649	0.110667
spider	2	3	6.563985	0.226333
spider	2	4	7.860199	0.202000
spider	2	5	8.311590	0.002767
spider	2	6	7.210643	0.033400
spider	2	7	6.978891	0.053667
spider	2	8	8.361778	0.214100
spider	2	9	6.292089	0.028400
spider	2	10	7.184359	0.199633
spider	2	11	8.331456	0.010900
spider	2	12	6.247489	0.017567
spider	2	13	7.525858	0.012367
spider	2	14	8.925323	0.305933
spider	2	15	6.540602	0.121900
spider	2	16	6.627943	0.280700
spider	2	17	7.725035	0.008867
spider	2	18	7.037357	0.203200
spider	2	19	7.801484	0.206300
spider	2	20	5.756872	0.166267
spider	2	21	7.201321	0.008333
spider	2	22	7.425440	0.006833
spider	2	23	7.653675	0.245600
spider	2	24	6.962331	0.266500
spider	2	25	7.516607	0.278733
spider	2	26	7.445577	0.031100
spider	2	27	6.325366	0.224400
spider	2	28	6.122755	0.228100
spider	2	29	7.453153	0.018200
spider	2	30	7.013942	0.035467
spider	3	1	6.696452	0.260900
spider	3	2	6.893270	0.248933
spider	3	3	6.598870	0.039967
spider	3	4	5.688045	0.008333
spider	3	5	6.941945	0.256600
spider	3	6	7.775434	0.231833
spider	3	7	6.631527	0.005967
spider	3	8	6.451048	0.035467
spider	3	9	6.937174	0.223733
spider	3	10	6.348529	0.020867
spider	3	11	5.956537	0.174800
spider	3	12	5.976788	0.212500
spider	3	13	5.384664	0.198700
spider	3	14	6.848386	0.009900
spider	3	15	6.866392	0.241633
spider	3	16	8.435697	0.003933
spider	3	17	6.825833	0.223000
spider	3	18	7.067287	0.191233
spider	3	19	6.055972	0.025600
spider	3	20	6.816951	0.253733
spider	3	21	5.234905	0.161200
spider	3	22	7.284962	0.251800
spider	3	23	7.676794	0.237967
spider	3	24	6.879360	0.008533
spider	3	25	4.833455	0.003000
spider	3	26	6.160659	0.245467
spider	3	27	6.989716	0.004400
spider	3	28	6.818727	0.215333
spider	3	29	7.002758	0.033700
spider	3	30	7.039004	0.266667
gecko	0	1	8.357044	0.253633
gecko	0	2	8.276569	0.254833
gecko	0	3	5.990357	0.354033
gecko	0	4	5.836380	0.357167
gecko	0	5	8.054234	0.235733
gecko	0	6	5.719939	0.343600
gecko	0	7	8.166157	0.245400
gecko	0	8	8.341745	0.252267
gecko	0	9	8.094696	0.230133
gecko	0	10	8.377649	0.249233
gecko	0	11	8.238472	0.244600
gecko	0	12	5.132391	0.360567
gecko	0	13	8.594673	0.242200
gecko	0	14	8.505726	0.237100
gecko	0	15	7.402008	0.290633
gecko	0	16	5.895454	0.329333
gecko	0	17	8.151212	0.237933
gecko	0	18	8.521331	0.240567
gecko	0	19	7.873514	0.253600
gecko	0	20	7.831155	0.286900
gecko	0	21	8.343449	0.253600
gecko	0	22	8.571566	0.242400
gecko	0	23	5.804564	0.351433
gecko	0	24	8.044714	0.258000
gecko	0	25	8.558368	0.230933
gecko	0	26	8.474900	0.244400
gecko	0	27	8.276524	0.257733
gecko	0	28	8.563587	0.240167
gecko	0	29	8.554304	0.242633
gecko	0	30	6.514336	0.287333
gecko	1	1	8.050879	0.222500
gecko	1	2	5.462186	0.057600
gecko	1	3	7.858679	0.128733
gecko	1	4	8.023975	0.227000
gecko	1	5	8.403077	0.224000
gecko	1	6	8.077585	0.228767
gecko	1	7	6.016057	0.318433
gecko	1	8	8.488901	0.231167
gecko	1	9	7.716227	0.218500
gecko	1	10	8.495137	0.236733
gecko	1	11	6.968836	0.249833
gecko	1	12	8.506447	0.229933
gecko	1	13	5.289192	0.148900
gecko	1	14	7.891165	0.238000
gecko	1	15	8.308528	0.247433
gecko	1	16	7.443039	0.263000
gecko	1	17	5.082667	0.267733
gecko	1	18	8.136432	0.247000
gecko	1	19	7.019171	0.246900
gecko	1	20	8.541539	0.225700
gecko	1	21	8.278865	0.246967
gecko	1	22	8.452138	0.228100
gecko	1	23	7.412358	0.270533
gecko	1	24	8.498472	0.229567
gecko	1	25	8.249932	0.245267
gecko	1	26	8.264909	0.247067
gecko	1	27	5.274506	0.105600
gecko	1	28	5.770585	0.306700
gecko	1	29	8.425344	0.233067
gecko	1	30	8.122490	0.229767
gecko	2	1	8.259876	0.244567
gecko	2	2	8.100383	0.249567
gecko	2	3	8.170212	0.203533
gecko	2	4	5.719788	0.293933
gecko	2	5	7.073852	0.200267
gecko	2	6	5.459960	0.269133
gecko	2	7	7.984491	0.220233
gecko	2	8	8.264891	0.204133
gecko	2	9	8.263465	0.243567
gecko	2	10	5.503699	0.251400
gecko	2	11	8.534613	0.223667
gecko	2	12	8.509632	0.230667
gecko	2	13	5.309719	0.284100
gecko	2	14	8.209897	0.246300
gecko	2	15	8.259767	0.203100
gecko	2	16	6.980349	0.200200
gecko	2	17	8.393170	0.221267
gecko	2	18	9.366054	0.259867
gecko	2	19	8.487565	0.220800
gecko	2	20	8.016022	0.233533
gecko	2	21	7.055633	0.223767
gecko	2	22	8.053873	0.210367
gecko	2	23	7.780189	0.230867
gecko	2	24	6.986770	0.243000
gecko	2	25	5.420373	0.281533
gecko	2	26	8.225294	0.214467
gecko	2	27	5.494851	0.292933
gecko	2	28	7.139767	0.242167
gecko	2	29	5.251290	0.296600
gecko	2	30	7.222654	0.248700
gecko	3	1	7.679601	0.120067
gecko	3	2	5.111382	0.272800
gecko	3	3	7.686736	0.230900
gecko	3	4	8.400883	0.219367
gecko	3	5	8.436043	0.219800
gecko	3	6	6.157922	0.065233
gecko	3	7	5.295027	0.250767
gecko	3	8	8.372735	0.220433
gecko	3	9	7.295533	0.103067
gecko	3	10	8.140472	0.240400
gecko	3	11	5.117474	0.019867
gecko	3	12	4.794046	0.269867
gecko	3	13	5.331241	0.288267
gecko	3	14	7.663543	0.226167
gecko	3	15	5.327395	0.281067
gecko	3	16	5.248771	0.246133
gecko	3	17	6.975194	0.186200
gecko	3	18	8.068355	0.232167
gecko	3	19	7.342004	0.197800
gecko	3	20	8.496064	0.221833
gecko	3	21	4.496034	0.057767
gecko	3	22	8.250467	0.200833
gecko	3	23	4.389536	0.057667
gecko	3	24	7.744632	0.206233
gecko	3	25	6.802784	0.118100
gecko	3	26	7.994161	0.202300
gecko	3	27	8.490589	0.219867
gecko	3	28	7.498814	0.104667
gecko	3	29	7.938647	0.202167
gecko	3	30	5.049532	0.016333
