morphology,coupling,lambda,run_id,f_nat,k,distance_original,distance_capped,dragging_original,dragging_capped
Spider,No coupling,0,1,0.159122,0.998983,1.8371,1.8315,0.4982,0.4983
Spider,No coupling,0,2,0.158927,1.000000,1.3795,1.3795,0.4669,0.4669
Spider,No coupling,0,3,0.159151,0.998800,1.8190,1.8012,0.7272,0.7287
Spider,No coupling,0,4,0.159153,0.998785,1.6695,1.6554,0.6369,0.6363
Spider,No coupling,0,5,0.159100,0.999120,1.7864,1.7799,0.5668,0.5664
Spider,No coupling,0,6,0.158911,1.000000,1.7312,1.7312,0.5150,0.5150
Spider,No coupling,0,7,0.159026,0.999587,1.6411,1.6367,0.6470,0.6467
Spider,No coupling,0,8,0.159083,0.999228,2.0738,2.0659,0.6516,0.6509
Spider,No coupling,0,9,0.158862,1.000000,1.6235,1.6235,0.5967,0.5967
Spider,No coupling,0,10,0.159155,0.998778,1.9858,1.9789,0.6279,0.6284
Spider,No coupling,0,11,0.159061,0.999368,1.5461,1.5381,0.5939,0.5945
Spider,No coupling,0,12,0.159133,0.998917,1.7387,1.7326,0.6401,0.6413
Spider,No coupling,0,13,0.159136,0.998897,1.6525,1.6413,0.5069,0.5076
Spider,No coupling,0,14,0.159145,0.998839,1.6871,1.6744,0.6243,0.6240
Spider,No coupling,0,15,0.159155,0.998777,1.7591,1.7468,0.5355,0.5340
Spider,No coupling,0,16,0.159136,0.998897,1.7387,1.7313,0.5185,0.5178
Spider,No coupling,0,17,0.158665,1.000000,1.5637,1.5637,0.5580,0.5580
Spider,No coupling,0,18,0.159150,0.998808,1.8876,1.8719,0.6019,0.6027
Spider,No coupling,0,19,0.159141,0.998865,1.2501,1.2416,0.7271,0.7281
Spider,No coupling,0,20,0.159155,0.998777,1.6338,1.6246,0.5865,0.5884
Spider,No coupling,0,21,0.159130,0.998933,1.6059,1.5938,0.5996,0.5964
Spider,No coupling,0,22,0.158984,0.999853,1.7812,1.7761,0.5923,0.5919
Spider,No coupling,0,23,0.159077,0.999267,1.8375,1.8209,0.4380,0.4370
Spider,No coupling,0,24,0.159151,0.998803,1.7224,1.7196,0.6103,0.6101
Spider,No coupling,0,25,0.159155,0.998776,1.4558,1.4386,0.5161,0.5171
Spider,No coupling,0,26,0.159142,0.998857,1.7861,1.7752,0.6050,0.6052
Spider,No coupling,0,27,0.159153,0.998787,2.0270,2.0122,0.5777,0.5765
Spider,No coupling,0,28,0.159129,0.998939,1.4410,1.4296,0.5781,0.5780
Spider,No coupling,0,29,0.159152,0.998793,1.6083,1.5920,0.6154,0.6159
Spider,No coupling,0,30,0.159154,0.998784,1.6381,1.6260,0.4359,0.4382
Spider,No coupling,1,1,0.159139,0.998876,1.4613,1.4503,0.4657,0.4673
Spider,No coupling,1,2,0.159153,0.998787,1.3100,1.3024,0.3312,0.3333
Spider,No coupling,1,3,0.158023,1.000000,2.0057,2.0057,0.2893,0.2893
Spider,No coupling,1,4,0.159054,0.999407,1.2925,1.2903,0.3385,0.3409
Spider,No coupling,1,5,0.159147,0.998824,1.9315,1.8869,0.3879,0.3999
Spider,No coupling,1,6,0.158182,1.000000,1.5321,1.5321,0.3764,0.3764
Spider,No coupling,1,7,0.158815,1.000000,1.3621,1.3621,0.4694,0.4694
Spider,No coupling,1,8,0.159154,0.998780,1.8073,1.7998,0.3871,0.3893
Spider,No coupling,1,9,0.159053,0.999414,1.3506,1.3381,0.3208,0.3448
Spider,No coupling,1,10,0.159154,0.998782,1.2358,1.2346,0.4404,0.4415
Spider,No coupling,1,11,0.159127,0.998953,1.6903,1.6923,0.4815,0.4853
Spider,No coupling,1,12,0.156677,1.000000,1.2602,1.2602,0.1915,0.1915
Spider,No coupling,1,13,0.154534,1.000000,1.7216,1.7216,0.4233,0.4233
Spider,No coupling,1,14,0.159154,0.998781,1.5878,1.5808,0.3574,0.3588
Spider,No coupling,1,15,0.159146,0.998830,1.6158,1.6026,0.4663,0.4687
Spider,No coupling,1,16,0.158274,1.000000,1.2323,1.2323,0.3874,0.3874
Spider,No coupling,1,17,0.154499,1.000000,1.0211,1.0211,0.3141,0.3141
Spider,No coupling,1,18,0.159151,0.998802,1.6050,1.5992,0.3816,0.3855
Spider,No coupling,1,19,0.159144,0.998846,1.3585,1.3560,0.4535,0.4558
Spider,No coupling,1,20,0.159147,0.998827,1.6551,1.6396,0.3644,0.3713
Spider,No coupling,1,21,0.159138,0.998883,1.5797,1.5676,0.4468,0.4466
Spider,No coupling,1,22,0.156573,1.000000,1.4182,1.4182,0.3358,0.3358
Spider,No coupling,1,23,0.159066,0.999336,1.9844,1.9802,0.2933,0.2949
Spider,No coupling,1,24,0.159147,0.998828,1.0874,1.0783,0.3389,0.3387
Spider,No coupling,1,25,0.159144,0.998844,1.7453,1.7335,0.2732,0.2749
Spider,No coupling,1,26,0.159145,0.998837,1.2525,1.2527,0.2743,0.2776
Spider,No coupling,1,27,0.159151,0.998798,1.7627,1.7545,0.2779,0.2811
Spider,No coupling,1,28,0.159025,0.999590,1.5228,1.5133,0.3871,0.3877
Spider,No coupling,1,29,0.157120,1.000000,1.2787,1.2787,0.4526,0.4526
Spider,No coupling,1,30,0.158751,1.000000,1.7427,1.7427,0.3409,0.3409
Spider,No coupling,2,1,0.159154,0.998779,1.1633,1.1484,0.2233,0.2276
Spider,No coupling,2,2,0.159052,0.999422,1.4142,1.4089,0.1350,0.1373
Spider,No coupling,2,3,0.159152,0.998793,1.1772,1.1663,0.2965,0.2991
Spider,No coupling,2,4,0.159137,0.998886,1.4569,1.4406,0.3094,0.3119
Spider,No coupling,2,5,0.156264,1.000000,1.5630,1.5630,0.0528,0.0528
Spider,No coupling,2,6,0.147173,1.000000,1.3565,1.3565,0.2895,0.2895
Spider,No coupling,2,7,0.154781,1.000000,1.2081,1.2081,0.3466,0.3466
Spider,No coupling,2,8,0.155948,1.000000,1.5008,1.5008,0.1592,0.1592
Spider,No coupling,2,9,0.159155,0.998778,1.1802,1.1714,0.2723,0.2753
Spider,No coupling,2,10,0.159152,0.998794,1.6023,1.5865,0.2063,0.2091
Spider,No coupling,2,11,0.154993,1.000000,0.8572,0.8572,0.3309,0.3309
Spider,No coupling,2,12,0.159153,0.998787,1.5267,1.5185,0.1655,0.1691
Spider,No coupling,2,13,0.155179,1.000000,0.7557,0.7557,0.0968,0.0968
Spider,No coupling,2,14,0.156676,1.000000,1.5404,1.5404,0.1508,0.1508
Spider,No coupling,2,15,0.152985,1.000000,1.6025,1.6025,0.4389,0.4389
Spider,No coupling,2,16,0.158639,1.000000,1.5894,1.5894,0.1950,0.1950
Spider,No coupling,2,17,0.146968,1.000000,1.2717,1.2717,0.4165,0.4165
Spider,No coupling,2,18,0.159154,0.998780,1.4159,1.3971,0.2468,0.2501
Spider,No coupling,2,19,0.159154,0.998779,1.6663,1.6536,0.3980,0.3988
Spider,No coupling,2,20,0.159140,0.998871,1.7847,1.7769,0.2676,0.2699
Spider,No coupling,2,21,0.155636,1.000000,1.5954,1.5954,0.0043,0.0043
Spider,No coupling,2,22,0.156267,1.000000,1.4930,1.4930,0.1223,0.1223
Spider,No coupling,2,23,0.159077,0.999268,1.1525,1.1484,0.3172,0.3206
Spider,No coupling,2,24,0.159153,0.998789,1.3748,1.3700,0.2364,0.2411
Spider,No coupling,2,25,0.159151,0.998800,1.8474,1.8385,0.1687,0.1708
Spider,No coupling,2,26,0.159152,0.998794,1.0663,1.0495,0.3303,0.3318
Spider,No coupling,2,27,0.159155,0.998776,1.6844,1.6802,0.2858,0.2859
Spider,No coupling,2,28,0.159154,0.998782,1.3086,1.3028,0.2348,0.2373
Spider,No coupling,2,29,0.159028,0.999573,0.9657,0.9616,0.1982,0.2058
Spider,No coupling,2,30,0.155547,1.000000,1.5365,1.5365,0.1907,0.1907
Spider,No coupling,3,1,0.159155,0.998778,1.4568,1.4502,0.0631,0.0653
Spider,No coupling,3,2,0.159155,0.998778,0.9583,0.9390,0.2099,0.2111
Spider,No coupling,3,3,0.159085,0.999216,1.3309,1.3245,0.0777,0.0779
Spider,No coupling,3,4,0.159151,0.998803,1.3630,1.3423,0.1135,0.1133
Spider,No coupling,3,5,0.158582,1.000000,1.0761,1.0761,0.0651,0.0651
Spider,No coupling,3,6,0.154405,1.000000,1.3982,1.3982,0.2950,0.2950
Spider,No coupling,3,7,0.157530,1.000000,1.3131,1.3131,0.0882,0.0882
Spider,No coupling,3,8,0.159101,0.999116,1.5954,1.5856,0.1530,0.1542
Spider,No coupling,3,9,0.159153,0.998791,1.7025,1.7009,0.1419,0.1428
Spider,No coupling,3,10,0.151057,1.000000,1.1111,1.1111,0.0760,0.0760
Spider,No coupling,3,11,0.159130,0.998929,1.1211,1.1072,0.0516,0.0539
Spider,No coupling,3,12,0.159152,0.998792,1.2890,1.2808,0.1429,0.1441
Spider,No coupling,3,13,0.157785,1.000000,1.1576,1.1576,0.0974,0.0974
Spider,No coupling,3,14,0.121880,1.000000,0.5836,0.5836,0.0017,0.0017
Spider,No coupling,3,15,0.159153,0.998789,1.3791,1.3736,0.2145,0.2173
Spider,No coupling,3,16,0.159149,0.998815,0.7406,0.7330,0.0017,0.0070
Spider,No coupling,3,17,0.154497,1.000000,1.2741,1.2741,0.0017,0.0017
Spider,No coupling,3,18,0.152783,1.000000,1.1715,1.1715,0.1082,0.1082
Spider,No coupling,3,19,0.156369,1.000000,1.7392,1.7392,0.0075,0.0075
Spider,No coupling,3,20,0.159154,0.998779,0.8874,0.8795,0.0493,0.0504
Spider,No coupling,3,21,0.159154,0.998784,1.3105,1.3069,0.0074,0.0076
Spider,No coupling,3,22,0.159146,0.998830,0.8080,0.8018,0.0084,0.0086
Spider,No coupling,3,23,0.159140,0.998869,1.1968,1.1903,0.0098,0.0102
Spider,No coupling,3,24,0.159115,0.999027,1.4138,1.4071,0.0869,0.0877
Spider,No coupling,3,25,0.136569,1.000000,1.0592,1.0592,0.0536,0.0536
Spider,No coupling,3,26,0.159117,0.999015,0.8583,0.8566,0.0017,0.0017
Spider,No coupling,3,27,0.153047,1.000000,1.0533,1.0533,0.0017,0.0017
Spider,No coupling,3,28,0.152294,1.000000,1.2649,1.2649,0.0018,0.0018
Spider,No coupling,3,29,0.159131,0.998924,1.1222,1.1165,0.0856,0.0887
Spider,No coupling,3,30,0.159152,0.998792,1.2082,1.1997,0.0771,0.0771
Spider,Neighbour,0,1,0.257400,0.617561,2.7244,1.5527,0.6178,0.6689
Spider,Neighbour,0,2,0.249217,0.637839,2.8158,1.5489,0.5924,0.6858
Spider,Neighbour,0,3,0.251976,0.630853,2.6070,1.4461,0.6106,0.6366
Spider,Neighbour,0,4,0.238180,0.667396,2.4064,1.5004,0.4761,0.5942
Spider,Neighbour,0,5,0.257327,0.617735,2.5717,1.4227,0.5259,0.5432
Spider,Neighbour,0,6,0.257504,0.617310,2.7154,1.5616,0.5638,0.6129
Spider,Neighbour,0,7,0.249322,0.637569,2.7335,1.5399,0.6275,0.6935
Spider,Neighbour,0,8,0.256227,0.620387,2.5657,1.4613,0.5762,0.6052
Spider,Neighbour,0,9,0.255347,0.622526,2.6985,1.6685,0.4962,0.5156
Spider,Neighbour,0,10,0.242806,0.654680,2.6453,1.4503,0.5586,0.5937
Spider,Neighbour,0,11,0.249563,0.636954,2.9458,1.6341,0.5051,0.5756
Spider,Neighbour,0,12,0.251146,0.632940,2.7700,1.5759,0.4995,0.4993
Spider,Neighbour,0,13,0.256634,0.619403,2.8406,1.5734,0.5205,0.5967
Spider,Neighbour,0,14,0.249559,0.636964,2.7116,1.5152,0.5219,0.5782
Spider,Neighbour,0,15,0.251135,0.632968,2.6915,1.4388,0.5209,0.5705
Spider,Neighbour,0,16,0.243745,0.652156,2.5663,1.5413,0.5852,0.6516
Spider,Neighbour,0,17,0.248825,0.638844,2.9628,1.6220,0.5098,0.5811
Spider,Neighbour,0,18,0.257262,0.617893,2.3957,1.2506,0.5935,0.6611
Spider,Neighbour,0,19,0.247885,0.641266,2.8533,1.5260,0.4935,0.5455
Spider,Neighbour,0,20,0.244271,0.650753,2.7531,1.4991,0.4183,0.5732
Spider,Neighbour,0,21,0.225935,0.703567,2.6462,1.7315,0.5509,0.5843
Spider,Neighbour,0,22,0.252465,0.629633,2.8788,1.6043,0.5146,0.6196
Spider,Neighbour,0,23,0.247536,0.642170,2.6963,1.4417,0.5594,0.6008
Spider,Neighbour,0,24,0.255551,0.622029,2.7129,1.4416,0.5243,0.6254
Spider,Neighbour,0,25,0.251024,0.633246,2.8071,1.5332,0.5826,0.6869
Spider,Neighbour,0,26,0.252237,0.630202,2.7143,1.5524,0.5656,0.6482
Spider,Neighbour,0,27,0.254970,0.623447,2.8353,1.5916,0.5247,0.5294
Spider,Neighbour,0,28,0.238970,0.665189,2.8399,1.7435,0.4870,0.5682
Spider,Neighbour,0,29,0.255116,0.623089,2.6232,1.4558,0.5247,0.5684
Spider,Neighbour,0,30,0.242133,0.656499,2.4879,1.4029,0.5935,0.6820
Spider,Neighbour,1,1,0.256911,0.618736,2.5018,1.4181,0.3259,0.3340
Spider,Neighbour,1,2,0.245356,0.647877,2.4938,1.4076,0.3326,0.4293
Spider,Neighbour,1,3,0.223981,0.709703,2.1381,1.4052,0.2679,0.3727
Spider,Neighbour,1,4,0.248087,0.640745,2.1391,1.0903,0.0675,0.1093
Spider,Neighbour,1,5,0.248400,0.639937,2.6568,1.5369,0.3778,0.5073
Spider,Neighbour,1,6,0.246720,0.644294,2.5540,1.3964,0.3591,0.4770
Spider,Neighbour,1,7,0.247116,0.643262,2.7276,1.5918,0.4354,0.5070
Spider,Neighbour,1,8,0.238489,0.666530,1.9423,1.2537,0.2390,0.3281
Spider,Neighbour,1,9,0.220091,0.722247,2.2557,1.5714,0.1996,0.2582
Spider,Neighbour,1,10,0.238740,0.665829,2.4323,1.6218,0.2577,0.3483
Spider,Neighbour,1,11,0.247077,0.643363,2.0778,1.0136,0.1207,0.1150
Spider,Neighbour,1,12,0.239321,0.664212,2.4584,1.3580,0.3150,0.4599
Spider,Neighbour,1,13,0.246720,0.644293,2.2314,1.2367,0.4473,0.5045
Spider,Neighbour,1,14,0.246911,0.643795,2.4672,1.3896,0.4809,0.5362
Spider,Neighbour,1,15,0.238549,0.666361,2.6502,1.4500,0.3578,0.3816
Spider,Neighbour,1,16,0.246997,0.643571,2.4696,1.3543,0.3837,0.5116
Spider,Neighbour,1,17,0.237706,0.668726,2.2525,1.1799,0.3159,0.3299
Spider,Neighbour,1,18,0.246768,0.644169,2.7289,1.5426,0.4148,0.5016
Spider,Neighbour,1,19,0.242470,0.655586,2.3566,1.4597,0.3179,0.4094
Spider,Neighbour,1,20,0.239019,0.665052,1.9540,1.1560,0.1771,0.1791
Spider,Neighbour,1,21,0.243632,0.652459,2.4859,1.4864,0.3649,0.5206
Spider,Neighbour,1,22,0.247613,0.641971,2.8214,1.6340,0.4383,0.5318
Spider,Neighbour,1,23,0.256841,0.618905,2.4338,1.3472,0.4152,0.5335
Spider,Neighbour,1,24,0.253466,0.627145,2.5545,1.4163,0.3783,0.4704
Spider,Neighbour,1,25,0.245619,0.647181,2.7123,1.6028,0.4584,0.5939
Spider,Neighbour,1,26,0.245944,0.646327,2.4229,1.2677,0.3050,0.3855
Spider,Neighbour,1,27,0.250301,0.635075,2.1116,0.9967,0.1946,0.2547
Spider,Neighbour,1,28,0.255672,0.621734,2.3233,1.3134,0.3583,0.4322
Spider,Neighbour,1,29,0.253570,0.626890,2.4972,1.4038,0.2983,0.3473
Spider,Neighbour,1,30,0.246907,0.643806,2.6213,1.5899,0.4476,0.5810
Spider,Neighbour,2,1,0.255086,0.623163,2.0323,1.0895,0.3257,0.3948
Spider,Neighbour,2,2,0.225079,0.706242,2.0194,1.2048,0.0496,0.0732
Spider,Neighbour,2,3,0.236813,0.671248,2.3575,1.4939,0.3075,0.3908
Spider,Neighbour,2,4,0.245193,0.648306,2.1671,1.0936,0.0765,0.1298
Spider,Neighbour,2,5,0.210054,0.756758,1.7301,1.2883,0.0147,0.0047
Spider,Neighbour,2,6,0.220917,0.719546,2.6362,1.7290,0.0043,0.0043
Spider,Neighbour,2,7,0.242517,0.655459,2.1225,1.2195,0.0635,0.1000
Spider,Neighbour,2,8,0.254621,0.624301,2.0171,1.0211,0.0024,0.0220
Spider,Neighbour,2,9,0.243056,0.654006,1.6782,0.9466,0.0880,0.1618
Spider,Neighbour,2,10,0.257482,0.617365,2.2351,1.2696,0.2047,0.2598
Spider,Neighbour,2,11,0.181025,0.878111,1.6376,1.3003,0.0573,0.0653
Spider,Neighbour,2,12,0.225344,0.705410,1.8982,1.2097,0.0861,0.1431
Spider,Neighbour,2,13,0.257217,0.618000,2.3052,1.2589,0.2356,0.3975
Spider,Neighbour,2,14,0.245916,0.646399,1.7704,0.7629,0.1535,0.2031
Spider,Neighbour,2,15,0.225230,0.705769,2.2042,1.2616,0.1610,0.2217
Spider,Neighbour,2,16,0.248604,0.639411,2.0038,1.0770,0.1271,0.2198
Spider,Neighbour,2,17,0.225305,0.705533,1.8974,1.0017,0.1759,0.1559
Spider,Neighbour,2,18,0.246983,0.643606,2.2005,1.1212,0.2099,0.3084
Spider,Neighbour,2,19,0.225372,0.705324,1.6291,0.9155,0.0191,0.0284
Spider,Neighbour,2,20,0.237578,0.669086,2.2409,1.1438,0.2781,0.3382
Spider,Neighbour,2,21,0.212102,0.749452,2.3960,1.6298,0.0312,0.0435
Spider,Neighbour,2,22,0.246486,0.644904,2.4462,1.4425,0.2917,0.4648
Spider,Neighbour,2,23,0.212440,0.748259,2.3533,1.5850,0.0278,0.0400
Spider,Neighbour,2,24,0.248409,0.639912,1.9741,1.0991,0.4164,0.4489
Spider,Neighbour,2,25,0.210131,0.756482,2.3006,1.5182,0.2016,0.2702
Spider,Neighbour,2,26,0.205906,0.772002,2.1642,1.4927,0.0344,0.0442
Spider,Neighbour,2,27,0.245655,0.647088,2.2258,1.2474,0.2550,0.3526
Spider,Neighbour,2,28,0.218939,0.726048,2.2903,1.3694,0.0098,0.0029
Spider,Neighbour,2,29,0.237361,0.669699,1.9478,1.1605,0.0303,0.0208
Spider,Neighbour,2,30,0.245661,0.647072,1.8705,0.7916,0.1479,0.1798
Spider,Neighbour,3,1,0.222773,0.713554,1.9660,1.3224,0.0173,0.0505
Spider,Neighbour,3,2,0.237553,0.669155,1.9681,1.2339,0.0069,0.0144
Spider,Neighbour,3,3,0.214488,0.741113,2.1216,1.3908,0.0020,0.0052
Spider,Neighbour,3,4,0.218048,0.729015,2.3391,1.5862,0.0025,0.0018
Spider,Neighbour,3,5,0.215566,0.737409,1.4833,0.9250,0.0220,0.0292
Spider,Neighbour,3,6,0.256210,0.620430,2.0412,1.0216,0.0226,0.0402
Spider,Neighbour,3,7,0.214777,0.740116,2.0244,1.3057,0.0017,0.0017
Spider,Neighbour,3,8,0.245407,0.647740,1.8392,0.7786,0.0136,0.0215
Spider,Neighbour,3,9,0.218623,0.727097,1.5877,0.9458,0.0022,0.0017
Spider,Neighbour,3,10,0.211251,0.752470,1.5783,0.9761,0.0017,0.0100
Spider,Neighbour,3,11,0.226141,0.702924,1.6680,0.9043,0.1552,0.1499
Spider,Neighbour,3,12,0.213479,0.744618,1.9698,1.2802,0.0060,0.0106
Spider,Neighbour,3,13,0.228279,0.696341,1.8740,1.2128,0.1077,0.1302
Spider,Neighbour,3,14,0.245309,0.647999,2.0462,1.0439,0.0800,0.1569
Spider,Neighbour,3,15,0.220967,0.719385,1.7816,1.1603,0.0921,0.1213
Spider,Neighbour,3,16,0.217247,0.731703,2.3994,1.5723,0.1035,0.1270
Spider,Neighbour,3,17,0.213466,0.744663,1.6898,1.0728,0.0284,0.0493
Spider,Neighbour,3,18,0.237710,0.668715,2.2324,1.1123,0.2134,0.2140
Spider,Neighbour,3,19,0.257358,0.617662,1.3734,0.7974,0.0120,0.0017
Spider,Neighbour,3,20,0.225396,0.705249,2.1532,1.4382,0.0106,0.0197
Spider,Neighbour,3,21,0.220415,0.721186,1.7933,1.1512,0.1568,0.1807
Spider,Neighbour,3,22,0.245977,0.646240,2.0938,1.0534,0.0065,0.0245
Spider,Neighbour,3,23,0.212765,0.747116,1.5340,1.0926,0.0639,0.1032
Spider,Neighbour,3,24,0.194987,0.815236,2.0068,1.5651,0.0263,0.0329
Spider,Neighbour,3,25,0.251506,0.632033,2.0007,1.1538,0.2471,0.2818
Spider,Neighbour,3,26,0.213524,0.744461,2.3184,1.5558,0.0221,0.0379
Spider,Neighbour,3,27,0.192520,0.825683,1.9956,1.5716,0.0017,0.0017
Spider,Neighbour,3,28,0.244453,0.650268,2.0603,1.0329,0.1781,0.2651
Spider,Neighbour,3,29,0.256944,0.618658,1.7801,0.7555,0.1820,0.2594
Spider,Neighbour,3,30,0.236811,0.671254,1.8911,1.2120,0.0548,0.1011
Spider,Structured,0,1,0.312988,0.507880,3.0108,1.4740,0.5859,0.6017
Spider,Structured,0,2,0.375199,0.423669,3.1089,1.0533,0.3872,0.4041
Spider,Structured,0,3,0.380194,0.418103,3.2929,1.1643,0.5209,0.5357
Spider,Structured,0,4,0.362172,0.438907,2.6916,0.9567,0.4680,0.6075
Spider,Structured,0,5,0.274300,0.579511,2.9215,1.5197,0.5008,0.5319
Spider,Structured,0,6,0.377861,0.420684,2.8557,1.0186,0.5197,0.5996
Spider,Structured,0,7,0.346597,0.458631,2.9539,1.1967,0.6297,0.6751
Spider,Structured,0,8,0.346263,0.459073,3.0400,1.2935,0.6899,0.7530
Spider,Structured,0,9,0.341368,0.465656,3.0142,1.2558,0.5476,0.5085
Spider,Structured,0,10,0.379266,0.419126,3.3859,1.2591,0.4340,0.3870
Spider,Structured,0,11,0.352697,0.450699,3.3486,1.3489,0.6299,0.6762
Spider,Structured,0,12,0.378159,0.420353,2.5944,0.8893,0.5110,0.5179
Spider,Structured,0,13,0.324407,0.490002,2.6694,1.1143,0.6021,0.6578
Spider,Structured,0,14,0.377453,0.421139,3.1808,1.1560,0.4413,0.3387
Spider,Structured,0,15,0.339858,0.467726,3.2614,1.3493,0.6194,0.6303
Spider,Structured,0,16,0.370568,0.428964,3.0478,1.1348,0.5434,0.7190
Spider,Structured,0,17,0.316300,0.502561,2.9913,1.3284,0.5472,0.5847
Spider,Structured,0,18,0.347277,0.457732,3.0553,1.2578,0.6680,0.6797
Spider,Structured,0,19,0.378978,0.419444,3.1596,1.1785,0.6412,0.6961
Spider,Structured,0,20,0.300800,0.528458,2.8050,1.4650,0.5488,0.5590
Spider,Structured,0,21,0.311433,0.510415,2.8737,1.3586,0.4781,0.5513
Spider,Structured,0,22,0.355412,0.447256,2.5057,0.9088,0.4983,0.5550
Spider,Structured,0,23,0.423951,0.374950,2.9488,0.9750,0.5314,0.5659
Spider,Structured,0,24,0.309650,0.513354,3.0790,1.2181,0.6153,0.7095
Spider,Structured,0,25,0.314512,0.505418,3.0619,1.4120,0.5549,0.6030
Spider,Structured,0,26,0.332967,0.477406,3.0065,1.1577,0.4930,0.5664
Spider,Structured,0,27,0.340074,0.467428,3.0153,1.3384,0.5571,0.5799
Spider,Structured,0,28,0.306621,0.518425,2.4966,1.0681,0.5575,0.5887
Spider,Structured,0,29,0.302370,0.525714,2.5745,1.1900,0.5434,0.5982
Spider,Structured,0,30,0.340548,0.466777,3.0934,1.3144,0.4726,0.4507
Spider,Structured,1,1,0.332086,0.478671,2.8270,1.3139,0.2683,0.4026
Spider,Structured,1,2,0.394126,0.403323,2.2833,0.7001,0.1778,0.3226
Spider,Structured,1,3,0.405886,0.391638,3.9477,1.3656,0.0210,0.0057
Spider,Structured,1,4,0.282285,0.563120,2.2378,1.2923,0.3212,0.4818
Spider,Structured,1,5,0.405815,0.391706,3.9536,1.3705,0.0239,0.0098
Spider,Structured,1,6,0.372146,0.427145,2.9023,1.1638,0.2926,0.3405
Spider,Structured,1,7,0.318748,0.498701,2.8069,1.2578,0.2451,0.3618
Spider,Structured,1,8,0.341365,0.465661,2.2629,0.9298,0.0861,0.1793
Spider,Structured,1,9,0.387926,0.409769,3.8038,1.3670,0.1979,0.2789
Spider,Structured,1,10,0.392552,0.404941,2.8726,1.0476,0.0020,0.0079
Spider,Structured,1,11,0.340625,0.466672,2.7367,1.1736,0.3517,0.4723
Spider,Structured,1,12,0.408503,0.389128,2.3721,0.7499,0.0514,0.0315
Spider,Structured,1,13,0.340932,0.466252,2.8057,1.1880,0.3789,0.4169
Spider,Structured,1,14,0.409345,0.388328,3.6757,1.2030,0.1517,0.1951
Spider,Structured,1,15,0.376618,0.422073,2.1451,0.6666,0.1198,0.1466
Spider,Structured,1,16,0.342609,0.463970,2.7491,1.1255,0.0556,0.0817
Spider,Structured,1,17,0.321788,0.493990,2.7249,1.1533,0.0030,0.0079
Spider,Structured,1,18,0.309359,0.513837,2.8285,1.3569,0.2179,0.2049
Spider,Structured,1,19,0.396075,0.401338,2.5095,0.7246,0.3409,0.4674
Spider,Structured,1,20,0.411503,0.386292,3.3771,1.1844,0.0019,0.0017
Spider,Structured,1,21,0.421988,0.376693,4.7412,1.6265,0.0017,0.0017
Spider,Structured,1,22,0.388985,0.408653,3.6580,1.4041,0.0934,0.1222
Spider,Structured,1,23,0.329791,0.482002,2.4973,0.9691,0.3860,0.4858
Spider,Structured,1,24,0.341718,0.465179,3.3804,1.2031,0.0298,0.0503
Spider,Structured,1,25,0.421859,0.376808,4.4254,1.4551,0.0017,0.0017
Spider,Structured,1,26,0.331634,0.479324,2.3885,0.9214,0.0915,0.2311
Spider,Structured,1,27,0.369217,0.430533,2.4011,0.7984,0.3394,0.4392
Spider,Structured,1,28,0.306304,0.518962,2.5636,1.2530,0.4213,0.5092
Spider,Structured,1,29,0.311299,0.510635,2.5801,1.2093,0.4009,0.5547
Spider,Structured,1,30,0.370425,0.429129,2.5180,0.9606,0.4042,0.5644
Spider,Structured,2,1,0.340498,0.466846,2.2007,0.9096,0.0017,0.0255
Spider,Structured,2,2,0.406243,0.391293,4.8647,1.7010,0.0017,0.0017
Spider,Structured,2,3,0.387667,0.410043,3.4741,1.3537,0.0044,0.0177
Spider,Structured,2,4,0.438051,0.362881,4.6585,1.4953,0.0017,0.0017
Spider,Structured,2,5,0.425684,0.373423,2.6113,0.8756,0.0359,0.0474
Spider,Structured,2,6,0.406451,0.391093,4.8255,1.6562,0.0017,0.0017
Spider,Structured,2,7,0.339399,0.468358,2.8613,1.1411,0.1005,0.1872
Spider,Structured,2,8,0.349618,0.454668,2.6183,1.1797,0.0570,0.0948
Spider,Structured,2,9,0.348011,0.456767,3.2778,1.2735,0.0017,0.0139
Spider,Structured,2,10,0.376004,0.422761,3.1593,1.1564,0.0032,0.0089
Spider,Structured,2,11,0.350479,0.453551,3.3815,1.3317,0.0712,0.1585
Spider,Structured,2,12,0.276556,0.574784,2.2982,1.1269,0.0365,0.0255
Spider,Structured,2,13,0.342944,0.463516,2.5972,1.0945,0.0195,0.0244
Spider,Structured,2,14,0.347971,0.456820,3.5815,1.4114,0.0027,0.0032
Spider,Structured,2,15,0.326543,0.486797,1.9781,0.8944,0.0027,0.0102
Spider,Structured,2,16,0.377354,0.421249,2.1357,0.8167,0.0597,0.0633
Spider,Structured,2,17,0.354108,0.448903,2.3259,1.0999,0.0388,0.0486
Spider,Structured,2,18,0.314498,0.505440,2.4457,1.2091,0.1214,0.1935
Spider,Structured,2,19,0.349585,0.454711,2.9120,1.1368,0.0263,0.0565
Spider,Structured,2,20,0.392856,0.404626,3.3006,1.1760,0.0017,0.0017
Spider,Structured,2,21,0.404742,0.392744,3.1655,1.0893,0.0067,0.0236
Spider,Structured,2,22,0.369616,0.430068,3.1432,1.0607,0.0331,0.0912
Spider,Structured,2,23,0.379604,0.418753,2.2301,0.8073,0.3153,0.4760
Spider,Structured,2,24,0.438911,0.362169,4.0501,1.3778,0.0017,0.0025
Spider,Structured,2,25,0.374991,0.423904,3.4789,1.1902,0.0017,0.0017
Spider,Structured,2,26,0.406616,0.390934,2.0065,0.6253,0.1531,0.2671
Spider,Structured,2,27,0.342511,0.464102,3.6248,1.4547,0.0017,0.0017
Spider,Structured,2,28,0.405596,0.391917,2.2052,0.7277,0.2490,0.4154
Spider,Structured,2,29,0.376327,0.422399,2.2306,0.8134,0.0151,0.0041
Spider,Structured,2,30,0.418749,0.379607,2.2381,0.7442,0.0707,0.0995
Spider,Structured,3,1,0.376449,0.422262,3.4745,1.1132,0.0018,0.0017
Spider,Structured,3,2,0.342885,0.463596,2.5477,0.8708,0.0017,0.0045
Spider,Structured,3,3,0.415055,0.382986,2.1933,0.8196,0.2002,0.5025
Spider,Structured,3,4,0.408474,0.389156,3.6246,1.2635,0.0017,0.0017
Spider,Structured,3,5,0.354725,0.448122,2.7235,1.1971,0.0201,0.0342
Spider,Structured,3,6,0.339606,0.468073,2.1257,0.8816,0.0017,0.0026
Spider,Structured,3,7,0.360701,0.440697,2.0261,0.7846,0.0017,0.0017
Spider,Structured,3,8,0.372743,0.426460,2.5016,0.8320,0.0043,0.0074
Spider,Structured,3,9,0.388011,0.409680,3.6728,1.3288,0.0017,0.0017
Spider,Structured,3,10,0.313110,0.507682,1.8143,0.8783,0.0017,0.0044
Spider,Structured,3,11,0.344860,0.460942,1.7610,0.6998,0.0505,0.0715
Spider,Structured,3,12,0.390282,0.407296,4.2103,1.4795,0.0019,0.0017
Spider,Structured,3,13,0.386608,0.411166,2.2012,0.6914,0.0273,0.0582
Spider,Structured,3,14,0.342806,0.463703,2.6202,0.9668,0.0027,0.0107
Spider,Structured,3,15,0.376723,0.421955,3.2038,1.1852,0.0017,0.0017
Spider,Structured,3,16,0.407724,0.389872,4.0569,1.3833,0.0017,0.0017
Spider,Structured,3,17,0.405576,0.391937,3.7006,1.3226,0.0017,0.0017
Spider,Structured,3,18,0.375971,0.422799,4.1060,1.4459,0.0017,0.0017
Spider,Structured,3,19,0.388290,0.409386,3.2836,1.0490,0.0021,0.0017
Spider,Structured,3,20,0.407242,0.390333,2.9316,0.9175,0.0081,0.0247
Spider,Structured,3,21,0.411605,0.386196,2.7573,0.9336,0.0018,0.0017
Spider,Structured,3,22,0.423849,0.375040,3.8131,1.2766,0.0017,0.0017
Spider,Structured,3,23,0.342403,0.464248,2.4768,1.1461,0.0017,0.0017
Spider,Structured,3,24,0.404510,0.392969,2.4533,0.7331,0.0017,0.0126
Spider,Structured,3,25,0.358446,0.443471,2.0805,0.7459,0.1017,0.2116
Spider,Structured,3,26,0.356976,0.445297,2.4142,0.8843,0.0084,0.0319
Spider,Structured,3,27,0.406198,0.391336,4.8614,1.6982,0.0017,0.0017
Spider,Structured,3,28,0.342482,0.464141,2.7282,1.0624,0.0112,0.0275
Spider,Structured,3,29,0.373020,0.426143,1.9798,0.8448,0.0651,0.1213
Spider,Structured,3,30,0.421721,0.376932,4.4371,1.4763,0.0017,0.0017
Gecko,No coupling,0,1,0.152835,1.000000,1.2744,1.2744,0.5309,0.5309
Gecko,No coupling,0,2,0.158370,1.000000,1.5681,1.5681,0.4221,0.4221
Gecko,No coupling,0,3,0.158773,1.000000,2.0542,2.0542,0.4283,0.4283
Gecko,No coupling,0,4,0.159141,0.998866,1.9313,1.8929,0.5153,0.5147
Gecko,No coupling,0,5,0.159001,0.999743,2.2716,1.6275,0.3906,0.4480
Gecko,No coupling,0,6,0.159099,0.999128,1.5149,1.5029,0.4761,0.4772
Gecko,No coupling,0,7,0.159155,0.998776,1.6543,1.6392,0.4529,0.4509
Gecko,No coupling,0,8,0.159095,0.999154,1.8595,1.8734,0.2672,0.2251
Gecko,No coupling,0,9,0.159066,0.999336,1.7127,1.6772,0.4270,0.4161
Gecko,No coupling,0,10,0.159094,0.999161,1.7098,1.6874,0.5525,0.5511
Gecko,No coupling,0,11,0.159153,0.998786,1.9210,1.7981,0.3437,0.4161
Gecko,No coupling,0,12,0.159031,0.999552,1.5100,1.4890,0.4129,0.4115
Gecko,No coupling,0,13,0.158765,1.000000,1.5561,1.5561,0.5153,0.5153
Gecko,No coupling,0,14,0.159067,0.999327,2.4104,1.0849,0.3404,0.3949
Gecko,No coupling,0,15,0.159149,0.998812,2.1314,2.1132,0.4289,0.4010
Gecko,No coupling,0,16,0.159003,0.999731,1.3881,1.3809,0.5381,0.5380
Gecko,No coupling,0,17,0.159147,0.998828,1.7033,1.6997,0.3257,0.3269
Gecko,No coupling,0,18,0.159148,0.998818,2.1937,2.1387,0.2804,0.2789
Gecko,No coupling,0,19,0.159078,0.999258,2.2126,1.1446,0.3836,0.4401
Gecko,No coupling,0,20,0.159149,0.998815,1.7641,1.6985,0.3757,0.3797
Gecko,No coupling,0,21,0.158896,1.000000,1.7936,1.7936,0.4867,0.4867
Gecko,No coupling,0,22,0.159154,0.998782,1.4547,1.4417,0.5068,0.5012
Gecko,No coupling,0,23,0.159150,0.998807,1.3934,1.4448,0.5204,0.5743
Gecko,No coupling,0,24,0.159134,0.998906,1.7840,1.7167,0.4026,0.4025
Gecko,No coupling,0,25,0.158382,1.000000,1.5725,1.5725,0.5293,0.5293
Gecko,No coupling,0,26,0.158935,1.000000,1.6664,1.6664,0.3990,0.3990
Gecko,No coupling,0,27,0.159146,0.998834,1.7116,1.7021,0.4989,0.4987
Gecko,No coupling,0,28,0.158607,1.000000,1.6627,1.6627,0.5392,0.5392
Gecko,No coupling,0,29,0.159150,0.998804,1.3673,1.3481,0.5932,0.5946
Gecko,No coupling,0,30,0.159154,0.998781,1.9184,1.8462,0.3981,0.3976
Gecko,No coupling,1,1,0.159154,0.998783,1.6304,1.6133,0.2792,0.2815
Gecko,No coupling,1,2,0.159044,0.999474,2.0714,2.0421,0.1815,0.1835
Gecko,No coupling,1,3,0.159146,0.998832,1.5552,1.5495,0.2006,0.2025
Gecko,No coupling,1,4,0.159155,0.998777,1.5849,1.3733,0.4413,0.4940
Gecko,No coupling,1,5,0.158697,1.000000,1.6851,1.6851,0.2872,0.2872
Gecko,No coupling,1,6,0.157664,1.000000,1.9441,1.9441,0.3562,0.3562
Gecko,No coupling,1,7,0.159138,0.998881,1.9569,1.9471,0.3566,0.3677
Gecko,No coupling,1,8,0.158471,1.000000,1.3249,1.3249,0.3725,0.3725
Gecko,No coupling,1,9,0.159108,0.999069,2.0620,0.8977,0.2795,0.3987
Gecko,No coupling,1,10,0.159151,0.998800,1.5989,1.5930,0.4395,0.5004
Gecko,No coupling,1,11,0.159154,0.998784,1.4388,1.4021,0.0937,0.0942
Gecko,No coupling,1,12,0.158358,1.000000,1.6420,1.6420,0.1808,0.1808
Gecko,No coupling,1,13,0.159155,0.998777,1.4450,1.4067,0.0939,0.0946
Gecko,No coupling,1,14,0.159021,0.999615,1.4932,1.4558,0.2714,0.2808
Gecko,No coupling,1,15,0.159066,0.999334,2.3133,2.2961,0.2541,0.2571
Gecko,No coupling,1,16,0.158178,1.000000,1.4477,1.4477,0.4474,0.4474
Gecko,No coupling,1,17,0.158814,1.000000,1.7990,1.7990,0.0746,0.0746
Gecko,No coupling,1,18,0.159113,0.999039,1.8172,1.8100,0.3250,0.3272
Gecko,No coupling,1,19,0.157925,1.000000,1.7715,1.7715,0.1545,0.1545
Gecko,No coupling,1,20,0.157903,1.000000,1.3529,1.3529,0.3986,0.3986
Gecko,No coupling,1,21,0.159155,0.998777,1.3537,1.3011,0.3047,0.3047
Gecko,No coupling,1,22,0.159131,0.998928,1.3356,1.3229,0.4850,0.4883
Gecko,No coupling,1,23,0.158579,1.000000,2.0252,2.0252,0.3107,0.3107
Gecko,No coupling,1,24,0.158969,0.999942,2.0373,2.0333,0.2330,0.2335
Gecko,No coupling,1,25,0.159154,0.998783,2.0147,1.9919,0.3132,0.3181
Gecko,No coupling,1,26,0.159110,0.999058,2.0625,2.0346,0.3280,0.3286
Gecko,No coupling,1,27,0.159028,0.999570,1.3225,1.2626,0.0829,0.0869
Gecko,No coupling,1,28,0.159155,0.998777,1.8682,1.8542,0.2024,0.2117
Gecko,No coupling,1,29,0.159154,0.998782,1.5925,1.5690,0.0509,0.0504
Gecko,No coupling,1,30,0.159132,0.998919,1.8148,1.8049,0.3330,0.3329
Gecko,No coupling,2,1,0.159155,0.998776,1.3573,1.2964,0.1124,0.1140
Gecko,No coupling,2,2,0.146115,1.000000,1.5042,1.5042,0.3978,0.3978
Gecko,No coupling,2,3,0.159128,0.998945,1.8770,1.8745,0.1827,0.1836
Gecko,No coupling,2,4,0.159154,0.998783,1.7647,1.7353,0.2389,0.2390
Gecko,No coupling,2,5,0.158238,1.000000,0.7988,0.7988,0.0061,0.0061
Gecko,No coupling,2,6,0.159154,0.998784,1.2383,1.1780,0.1147,0.1146
Gecko,No coupling,2,7,0.154864,1.000000,0.9903,0.9903,0.1041,0.1041
Gecko,No coupling,2,8,0.146343,1.000000,1.4243,1.4243,0.0858,0.0858
Gecko,No coupling,2,9,0.158449,1.000000,1.1173,1.1173,0.2632,0.2632
Gecko,No coupling,2,10,0.159009,0.999690,1.7106,1.6224,0.0634,0.0644
Gecko,No coupling,2,11,0.159153,0.998787,1.8668,1.7918,0.1267,0.1290
Gecko,No coupling,2,12,0.159122,0.998983,1.0086,0.9846,0.0780,0.0789
Gecko,No coupling,2,13,0.158748,1.000000,1.6437,1.6437,0.3234,0.3234
Gecko,No coupling,2,14,0.158593,1.000000,1.3912,1.3912,0.0746,0.0746
Gecko,No coupling,2,15,0.159149,0.998810,1.6391,1.5666,0.0568,0.0570
Gecko,No coupling,2,16,0.159153,0.998791,1.6991,1.6891,0.2328,0.2341
Gecko,No coupling,2,17,0.159120,0.998994,1.3225,1.2511,0.1773,0.1808
Gecko,No coupling,2,18,0.158895,1.000000,1.9063,1.9063,0.0517,0.0517
Gecko,No coupling,2,19,0.159083,0.999227,1.4815,1.3791,0.3527,0.3459
Gecko,No coupling,2,20,0.159154,0.998782,1.8220,1.6458,0.3188,0.3527
Gecko,No coupling,2,21,0.159149,0.998812,1.3023,1.3303,0.1230,0.1313
Gecko,No coupling,2,22,0.159129,0.998937,1.8891,1.8478,0.0489,0.0507
Gecko,No coupling,2,23,0.159153,0.998787,1.3956,1.3888,0.0146,0.0140
Gecko,No coupling,2,24,0.159155,0.998777,1.3635,1.3448,0.1223,0.1235
Gecko,No coupling,2,25,0.156107,1.000000,1.0328,1.0328,0.1159,0.1159
Gecko,No coupling,2,26,0.146271,1.000000,1.0181,1.0181,0.1363,0.1363
Gecko,No coupling,2,27,0.157224,1.000000,1.8930,1.8930,0.0511,0.0511
Gecko,No coupling,2,28,0.158368,1.000000,1.3452,1.3452,0.4180,0.4180
Gecko,No coupling,2,29,0.157289,1.000000,1.9520,1.9520,0.3297,0.3297
Gecko,No coupling,2,30,0.158938,1.000000,1.3162,1.3162,0.2594,0.2594
Gecko,No coupling,3,1,0.149657,1.000000,1.3331,1.3331,0.1751,0.1751
Gecko,No coupling,3,2,0.159089,0.999188,1.4876,1.4315,0.2322,0.2337
Gecko,No coupling,3,3,0.159154,0.998780,1.6480,1.6268,0.0029,0.0033
Gecko,No coupling,3,4,0.159151,0.998799,0.9119,0.8962,0.0860,0.0872
Gecko,No coupling,3,5,0.159129,0.998936,1.8827,1.8535,0.1332,0.1346
Gecko,No coupling,3,6,0.159096,0.999146,1.2333,1.1955,0.0913,0.0923
Gecko,No coupling,3,7,0.158811,1.000000,0.6956,0.6956,0.0017,0.0017
Gecko,No coupling,3,8,0.158340,1.000000,1.3406,1.3406,0.0437,0.0437
Gecko,No coupling,3,9,0.158855,1.000000,1.3602,1.3602,0.0934,0.0934
Gecko,No coupling,3,10,0.159153,0.998791,1.1576,1.1398,0.0825,0.0816
Gecko,No coupling,3,11,0.158613,1.000000,1.3079,1.3079,0.1996,0.1996
Gecko,No coupling,3,12,0.158892,1.000000,1.8975,1.8975,0.0512,0.0512
Gecko,No coupling,3,13,0.057019,1.000000,0.6167,0.6167,0.0040,0.0040
Gecko,No coupling,3,14,0.159111,0.999051,1.8632,1.8524,0.0473,0.0485
Gecko,No coupling,3,15,0.159045,0.999468,1.8680,1.8315,0.1789,0.1809
Gecko,No coupling,3,16,0.158881,1.000000,1.1995,1.1995,0.0401,0.0401
Gecko,No coupling,3,17,0.158914,1.000000,1.0493,1.0493,0.0017,0.0017
Gecko,No coupling,3,18,0.159137,0.998892,1.6683,1.6397,0.0526,0.0532
Gecko,No coupling,3,19,0.158760,1.000000,1.2673,1.2673,0.1083,0.1083
Gecko,No coupling,3,20,0.159100,0.999122,1.6138,1.2818,0.0505,0.0509
Gecko,No coupling,3,21,0.159091,0.999178,1.2149,1.1834,0.1006,0.1004
Gecko,No coupling,3,22,0.037979,1.000000,0.4852,0.4852,0.0037,0.0037
Gecko,No coupling,3,23,0.158663,1.000000,1.2783,1.2783,0.1667,0.1667
Gecko,No coupling,3,24,0.115864,1.000000,1.1688,1.1688,0.0863,0.0863
Gecko,No coupling,3,25,0.159113,0.999040,1.4234,1.4112,0.2187,0.2203
Gecko,No coupling,3,26,0.159007,0.999708,1.8996,1.8769,0.0510,0.0500
Gecko,No coupling,3,27,0.158474,1.000000,1.1378,1.1378,0.2644,0.2644
Gecko,No coupling,3,28,0.159077,0.999264,0.9176,0.9059,0.1268,0.1262
Gecko,No coupling,3,29,0.159154,0.998782,1.6732,1.6132,0.0734,0.0743
Gecko,No coupling,3,30,0.061893,1.000000,0.3655,0.3655,0.0017,0.0017
Gecko,Neighbour,0,1,0.334633,0.475029,1.5499,0.6748,0.4477,0.5585
Gecko,Neighbour,0,2,0.304184,0.522579,1.5733,0.8355,0.4451,0.3605
Gecko,Neighbour,0,3,0.294546,0.539678,2.3404,1.3044,0.2522,0.2429
Gecko,Neighbour,0,4,0.319531,0.497480,1.5052,0.7346,0.5128,0.4915
Gecko,Neighbour,0,5,0.332211,0.478491,1.4266,0.6984,0.4976,0.5596
Gecko,Neighbour,0,6,0.311300,0.510634,1.8084,0.8282,0.4500,0.3655
Gecko,Neighbour,0,7,0.330797,0.480536,1.5911,0.5980,0.3069,0.1339
Gecko,Neighbour,0,8,0.320679,0.495698,1.7494,0.8941,0.4082,0.3284
Gecko,Neighbour,0,9,0.313472,0.507095,1.7682,0.8957,0.4051,0.3676
Gecko,Neighbour,0,10,0.324677,0.489594,1.4345,0.8030,0.5177,0.4969
Gecko,Neighbour,0,11,0.318357,0.499315,1.5239,0.7386,0.4863,0.4408
Gecko,Neighbour,0,12,0.319666,0.497270,1.3435,0.6270,0.4192,0.3563
Gecko,Neighbour,0,13,0.296533,0.536063,1.8878,1.0377,0.3334,0.3427
Gecko,Neighbour,0,14,0.306103,0.519304,1.6817,0.8736,0.3257,0.2851
Gecko,Neighbour,0,15,0.313576,0.506928,1.4280,0.7246,0.4798,0.4873
Gecko,Neighbour,0,16,0.297116,0.535010,1.6485,0.9387,0.5055,0.4717
Gecko,Neighbour,0,17,0.318462,0.499149,1.5936,0.7462,0.3772,0.3422
Gecko,Neighbour,0,18,0.318380,0.499278,1.5144,0.8208,0.4942,0.4979
Gecko,Neighbour,0,19,0.282379,0.562933,1.3433,0.7292,0.5771,0.6446
Gecko,Neighbour,0,20,0.334289,0.475517,1.4814,0.8410,0.4096,0.4063
Gecko,Neighbour,0,21,0.316159,0.502786,1.3075,0.6248,0.4512,0.4162
Gecko,Neighbour,0,22,0.331986,0.478816,1.4613,0.7302,0.1569,0.1902
Gecko,Neighbour,0,23,0.317554,0.500576,1.3144,0.6800,0.5436,0.5128
Gecko,Neighbour,0,24,0.280686,0.566327,2.3793,1.4005,0.2888,0.2824
Gecko,Neighbour,0,25,0.303195,0.524283,1.8113,0.9001,0.3093,0.3082
Gecko,Neighbour,0,26,0.330453,0.481037,1.4270,0.7143,0.5149,0.4989
Gecko,Neighbour,0,27,0.314421,0.505565,1.7956,0.8345,0.4458,0.3400
Gecko,Neighbour,0,28,0.314717,0.505089,1.3578,0.7375,0.3263,0.2385
Gecko,Neighbour,0,29,0.306280,0.519002,1.4123,0.7393,0.4581,0.4103
Gecko,Neighbour,0,30,0.317898,0.500035,1.5871,0.7919,0.3859,0.3269
Gecko,Neighbour,1,1,0.294820,0.539177,2.0353,1.2290,0.1022,0.1640
Gecko,Neighbour,1,2,0.319144,0.498083,1.4984,0.5527,0.3905,0.1519
Gecko,Neighbour,1,3,0.282291,0.563108,2.0040,1.2794,0.1072,0.1741
Gecko,Neighbour,1,4,0.277926,0.571952,1.8628,1.1084,0.0643,0.1296
Gecko,Neighbour,1,5,0.281537,0.564616,2.3786,1.2610,0.0018,0.0017
Gecko,Neighbour,1,6,0.249445,0.637256,1.8639,1.0735,0.1605,0.1337
Gecko,Neighbour,1,7,0.264532,0.600911,1.4474,0.7168,0.1847,0.2100
Gecko,Neighbour,1,8,0.296269,0.536540,2.1682,1.2692,0.1594,0.2096
Gecko,Neighbour,1,9,0.300740,0.528563,1.6062,0.8306,0.2875,0.2785
Gecko,Neighbour,1,10,0.284393,0.558945,1.9284,1.0865,0.1191,0.1931
Gecko,Neighbour,1,11,0.292002,0.544381,1.3000,0.7733,0.0280,0.0323
Gecko,Neighbour,1,12,0.294209,0.540296,2.1122,1.2520,0.1566,0.2250
Gecko,Neighbour,1,13,0.294856,0.539110,2.3572,1.1359,0.0020,0.0017
Gecko,Neighbour,1,14,0.271244,0.586042,1.6370,0.8535,0.2077,0.2402
Gecko,Neighbour,1,15,0.315191,0.504330,1.0739,0.4161,0.1472,0.2253
Gecko,Neighbour,1,16,0.297058,0.535115,2.1046,1.1878,0.1228,0.1533
Gecko,Neighbour,1,17,0.281539,0.564612,2.3789,1.2618,0.0018,0.0017
Gecko,Neighbour,1,18,0.281585,0.564519,1.9527,1.1280,0.1327,0.2233
Gecko,Neighbour,1,19,0.281654,0.564380,2.2163,1.3510,0.1579,0.1923
Gecko,Neighbour,1,20,0.270162,0.588387,1.5566,0.7485,0.3217,0.3551
Gecko,Neighbour,1,21,0.314774,0.504998,1.5182,0.6530,0.0872,0.0830
Gecko,Neighbour,1,22,0.282103,0.563482,2.2138,1.3455,0.1584,0.1931
Gecko,Neighbour,1,23,0.279687,0.568350,1.6519,0.8461,0.0904,0.1338
Gecko,Neighbour,1,24,0.331647,0.479305,1.7476,0.6781,0.1235,0.1708
Gecko,Neighbour,1,25,0.301301,0.527579,1.6996,0.8538,0.2623,0.2418
Gecko,Neighbour,1,26,0.283726,0.560260,1.6144,0.7751,0.3700,0.3904
Gecko,Neighbour,1,27,0.268161,0.592779,1.5123,0.7994,0.0849,0.1364
Gecko,Neighbour,1,28,0.279178,0.569386,2.3897,1.2931,0.0029,0.0017
Gecko,Neighbour,1,29,0.281551,0.564587,1.5646,0.8795,0.1248,0.1768
Gecko,Neighbour,1,30,0.279768,0.568185,1.8590,1.0988,0.0583,0.1254
Gecko,Neighbour,2,1,0.294920,0.538994,2.3555,1.1305,0.0019,0.0017
Gecko,Neighbour,2,2,0.281524,0.564642,1.9322,0.9363,0.0071,0.0089
Gecko,Neighbour,2,3,0.263136,0.604098,2.3438,1.3327,0.0035,0.0017
Gecko,Neighbour,2,4,0.281221,0.565251,1.6930,0.7710,0.0017,0.0017
Gecko,Neighbour,2,5,0.294866,0.539093,2.3551,1.1331,0.0022,0.0017
Gecko,Neighbour,2,6,0.332096,0.478658,1.3896,0.7210,0.1546,0.2210
Gecko,Neighbour,2,7,0.294981,0.538883,1.7883,0.8797,0.0210,0.0236
Gecko,Neighbour,2,8,0.281081,0.565531,2.3793,1.2648,0.0017,0.0017
Gecko,Neighbour,2,9,0.301454,0.527312,1.5189,0.8396,0.0577,0.1128
Gecko,Neighbour,2,10,0.330610,0.480809,1.5324,0.8025,0.2310,0.2663
Gecko,Neighbour,2,11,0.300142,0.529617,1.4614,0.5951,0.0780,0.1536
Gecko,Neighbour,2,12,0.278288,0.571208,1.8946,1.0323,0.0893,0.0017
Gecko,Neighbour,2,13,0.280145,0.567420,2.3795,1.2706,0.0017,0.0017
Gecko,Neighbour,2,14,0.294165,0.540377,1.6886,0.7954,0.0127,0.0087
Gecko,Neighbour,2,15,0.279642,0.568441,2.0752,1.0144,0.0039,0.0017
Gecko,Neighbour,2,16,0.301200,0.527756,1.4069,0.8223,0.1289,0.1891
Gecko,Neighbour,2,17,0.249824,0.636288,1.8798,1.1215,0.0140,0.0161
Gecko,Neighbour,2,18,0.294897,0.539036,2.3545,1.1306,0.0021,0.0017
Gecko,Neighbour,2,19,0.294703,0.539391,2.1909,1.0222,0.0018,0.0017
Gecko,Neighbour,2,20,0.264213,0.601635,1.6454,1.0030,0.0254,0.0535
Gecko,Neighbour,2,21,0.330259,0.481319,1.8692,0.8012,0.0066,0.0086
Gecko,Neighbour,2,22,0.280293,0.567120,2.3800,1.2712,0.0017,0.0017
Gecko,Neighbour,2,23,0.295326,0.538253,2.1930,1.0125,0.0018,0.0017
Gecko,Neighbour,2,24,0.280352,0.567001,2.3790,1.2671,0.0017,0.0017
Gecko,Neighbour,2,25,0.295084,0.538694,2.1986,1.0147,0.0021,0.0017
Gecko,Neighbour,2,26,0.297941,0.533528,1.5877,0.5891,0.0663,0.1145
Gecko,Neighbour,2,27,0.276521,0.574856,1.5000,0.7056,0.0024,0.0042
Gecko,Neighbour,2,28,0.291737,0.544875,1.8195,0.9654,0.0482,0.0017
Gecko,Neighbour,2,29,0.330023,0.481664,1.5723,0.5529,0.0881,0.1194
Gecko,Neighbour,2,30,0.302119,0.526150,2.0596,0.9423,0.0312,0.0285
Gecko,Neighbour,3,1,0.315002,0.504632,1.4236,0.7456,0.0203,0.0433
Gecko,Neighbour,3,2,0.280218,0.567273,2.3760,1.2714,0.0017,0.0017
Gecko,Neighbour,3,3,0.280110,0.567491,2.3797,1.2745,0.0017,0.0017
Gecko,Neighbour,3,4,0.263185,0.603986,1.5059,0.8257,0.0084,0.0154
Gecko,Neighbour,3,5,0.294169,0.540370,1.6867,0.7930,0.0125,0.0084
Gecko,Neighbour,3,6,0.315579,0.503709,1.5626,0.7349,0.0610,0.0814
Gecko,Neighbour,3,7,0.295023,0.538807,1.7597,0.8124,0.0029,0.0017
Gecko,Neighbour,3,8,0.315117,0.504448,2.4274,1.0911,0.0017,0.0017
Gecko,Neighbour,3,9,0.294678,0.539436,2.1912,1.0278,0.0019,0.0017
Gecko,Neighbour,3,10,0.303923,0.523028,1.9606,0.9361,0.0068,0.0163
Gecko,Neighbour,3,11,0.291933,0.544509,0.9110,0.5116,0.0691,0.0845
Gecko,Neighbour,3,12,0.281951,0.563786,1.8162,1.0190,0.0886,0.1169
Gecko,Neighbour,3,13,0.281516,0.564658,2.3792,1.2608,0.0017,0.0017
Gecko,Neighbour,3,14,0.299758,0.530294,1.2494,0.7070,0.1019,0.1800
Gecko,Neighbour,3,15,0.264741,0.600436,1.5858,0.8289,0.0017,0.0017
Gecko,Neighbour,3,16,0.316634,0.502031,1.5610,0.7439,0.0616,0.0809
Gecko,Neighbour,3,17,0.281551,0.564588,2.3782,1.2604,0.0017,0.0017
Gecko,Neighbour,3,18,0.280162,0.567386,1.6125,0.7908,0.0017,0.0017
Gecko,Neighbour,3,19,0.280067,0.567578,2.3801,1.2713,0.0017,0.0017
Gecko,Neighbour,3,20,0.280153,0.567404,1.6483,0.6796,0.0111,0.0167
Gecko,Neighbour,3,21,0.278379,0.571021,1.4398,0.6374,0.0807,0.1444
Gecko,Neighbour,3,22,0.294800,0.539213,2.3560,1.1411,0.0020,0.0017
Gecko,Neighbour,3,23,0.314147,0.506005,1.6432,0.6380,0.0976,0.1643
Gecko,Neighbour,3,24,0.313274,0.507415,1.5776,0.6803,0.0082,0.0266
Gecko,Neighbour,3,25,0.265598,0.598498,1.7915,1.0431,0.0407,0.0017
Gecko,Neighbour,3,26,0.303899,0.523069,1.9625,0.9342,0.0070,0.0171
Gecko,Neighbour,3,27,0.316975,0.501491,1.5290,0.7183,0.0409,0.0449
Gecko,Neighbour,3,28,0.294658,0.539473,2.1928,1.0277,0.0018,0.0017
Gecko,Neighbour,3,29,0.315099,0.504477,1.3307,0.5805,0.0017,0.0017
Gecko,Neighbour,3,30,0.281126,0.565440,2.3794,1.2626,0.0017,0.0017
Gecko,Structured,0,1,0.413016,0.384877,4.5676,1.5145,0.2845,0.4095
Gecko,Structured,0,2,0.429937,0.369729,4.7269,1.5417,0.3056,0.3688
Gecko,Structured,0,3,0.400730,0.396676,5.1999,1.6784,0.3025,0.3801
Gecko,Structured,0,4,0.396447,0.400962,4.7024,1.6432,0.3081,0.3757
Gecko,Structured,0,5,0.408993,0.388662,4.1979,1.4732,0.3255,0.4114
Gecko,Structured,0,6,0.412172,0.385665,4.4860,1.6152,0.2847,0.3589
Gecko,Structured,0,7,0.397934,0.399463,5.1435,1.6906,0.3045,0.3745
Gecko,Structured,0,8,0.431410,0.368466,4.7225,1.5218,0.3010,0.3694
Gecko,Structured,0,9,0.398073,0.399324,3.6193,1.4536,0.2521,0.3225
Gecko,Structured,0,10,0.446348,0.356135,4.7179,1.5396,0.3009,0.4670
Gecko,Structured,0,11,0.396594,0.400813,5.0886,1.7407,0.2928,0.3651
Gecko,Structured,0,12,0.446755,0.355810,4.6927,1.5216,0.2931,0.4533
Gecko,Structured,0,13,0.414042,0.383923,4.6976,1.5795,0.2903,0.3659
Gecko,Structured,0,14,0.380282,0.418006,4.0016,1.5777,0.4207,0.5895
Gecko,Structured,0,15,0.412677,0.385193,4.7304,1.6335,0.2966,0.3679
Gecko,Structured,0,16,0.414119,0.383851,4.4955,1.5779,0.2774,0.3845
Gecko,Structured,0,17,0.446262,0.356204,4.7263,1.4898,0.2982,0.4759
Gecko,Structured,0,18,0.413945,0.384013,4.9617,1.7506,0.2960,0.4237
Gecko,Structured,0,19,0.381887,0.416249,3.6521,1.4450,0.4030,0.5300
Gecko,Structured,0,20,0.429979,0.369693,4.7311,1.5439,0.3045,0.3705
Gecko,Structured,0,21,0.445252,0.357011,4.8058,1.5996,0.2847,0.3789
Gecko,Structured,0,22,0.398085,0.399312,3.3535,1.3878,0.3501,0.3963
Gecko,Structured,0,23,0.398794,0.398602,5.0271,1.7701,0.2846,0.3519
Gecko,Structured,0,24,0.368420,0.431464,3.3846,1.3474,0.3198,0.4551
Gecko,Structured,0,25,0.401459,0.395956,4.7877,1.7157,0.3119,0.3900
Gecko,Structured,0,26,0.445648,0.356694,4.7273,1.5150,0.2934,0.4466
Gecko,Structured,0,27,0.431424,0.368455,4.5414,1.5557,0.2942,0.4011
Gecko,Structured,0,28,0.413215,0.384691,4.6413,1.7216,0.3072,0.3137
Gecko,Structured,0,29,0.384626,0.413285,3.2013,1.2335,0.4470,0.5745
Gecko,Structured,0,30,0.406453,0.391091,3.7693,1.3285,0.3243,0.3809
Gecko,Structured,1,1,0.396153,0.401259,4.6365,1.7120,0.2431,0.3216
Gecko,Structured,1,2,0.368202,0.431719,3.7024,1.4780,0.1999,0.2164
Gecko,Structured,1,3,0.412477,0.385379,5.2694,1.9106,0.2646,0.3816
Gecko,Structured,1,4,0.319044,0.498239,3.4629,1.5982,0.0167,0.0279
Gecko,Structured,1,5,0.412234,0.385607,4.6464,1.5797,0.2760,0.3589
Gecko,Structured,1,6,0.382200,0.415908,3.8536,1.5080,0.3086,0.3630
Gecko,Structured,1,7,0.405808,0.391713,5.0092,1.6942,0.2700,0.3733
Gecko,Structured,1,8,0.414922,0.383109,4.6485,1.6178,0.2601,0.3694
Gecko,Structured,1,9,0.414575,0.383429,4.8051,1.6516,0.2497,0.3427
Gecko,Structured,1,10,0.399462,0.397935,4.7934,1.7671,0.2944,0.4268
Gecko,Structured,1,11,0.412497,0.385361,4.6334,1.6007,0.2777,0.3461
Gecko,Structured,1,12,0.413756,0.384188,5.0387,1.6362,0.2711,0.3859
Gecko,Structured,1,13,0.382291,0.415809,3.3085,1.3294,0.3187,0.4740
Gecko,Structured,1,14,0.397198,0.400203,5.0452,1.6882,0.2845,0.3688
Gecko,Structured,1,15,0.412407,0.385445,4.7016,1.5796,0.2812,0.3589
Gecko,Structured,1,16,0.382143,0.415970,3.6613,1.5095,0.2855,0.3227
Gecko,Structured,1,17,0.376549,0.422150,2.5295,0.9430,0.2553,0.3319
Gecko,Structured,1,18,0.400215,0.397187,5.0206,1.8099,0.2729,0.3762
Gecko,Structured,1,19,0.411209,0.386567,4.4399,1.7956,0.2744,0.3512
Gecko,Structured,1,20,0.446730,0.355831,4.4505,1.4877,0.1629,0.1681
Gecko,Structured,1,21,0.445042,0.357180,4.7939,1.6019,0.2828,0.3762
Gecko,Structured,1,22,0.398331,0.399065,5.0317,1.6828,0.2687,0.3808
Gecko,Structured,1,23,0.446078,0.356350,4.6911,1.5426,0.2903,0.4635
Gecko,Structured,1,24,0.369021,0.430762,3.3199,1.4106,0.3233,0.4499
Gecko,Structured,1,25,0.402876,0.394563,4.2622,1.6054,0.1489,0.1974
Gecko,Structured,1,26,0.397652,0.399747,4.9677,1.7092,0.2698,0.3758
Gecko,Structured,1,27,0.414172,0.383802,4.7338,1.7070,0.2879,0.3562
Gecko,Structured,1,28,0.381264,0.416929,3.7117,1.3897,0.2241,0.3203
Gecko,Structured,1,29,0.367682,0.432330,3.2574,1.2960,0.2208,0.3628
Gecko,Structured,1,30,0.416348,0.381796,3.6354,1.2948,0.3265,0.4350
Gecko,Structured,2,1,0.380531,0.417732,3.1409,1.3040,0.3208,0.4066
Gecko,Structured,2,2,0.446214,0.356242,4.2934,1.4146,0.1445,0.1594
Gecko,Structured,2,3,0.382815,0.415240,3.3790,1.3176,0.0021,0.0017
Gecko,Structured,2,4,0.382079,0.416040,3.4188,1.4329,0.2406,0.3149
Gecko,Structured,2,5,0.379936,0.418387,4.0937,1.7753,0.2507,0.3606
Gecko,Structured,2,6,0.333477,0.476675,3.4403,1.5241,0.0653,0.0646
Gecko,Structured,2,7,0.404177,0.393293,4.8216,1.6978,0.2509,0.3466
Gecko,Structured,2,8,0.411983,0.385842,4.6262,1.6136,0.2770,0.3600
Gecko,Structured,2,9,0.412101,0.385731,4.3937,1.5497,0.0186,0.0282
Gecko,Structured,2,10,0.446320,0.356158,4.2564,1.4403,0.1416,0.1590
Gecko,Structured,2,11,0.414510,0.383489,4.7749,1.6327,0.2422,0.3385
Gecko,Structured,2,12,0.445888,0.356502,4.3664,1.4506,0.1510,0.1597
Gecko,Structured,2,13,0.411921,0.385900,4.5732,1.5935,0.2755,0.4074
Gecko,Structured,2,14,0.414895,0.383134,3.1332,1.2449,0.2964,0.3818
Gecko,Structured,2,15,0.412830,0.385049,4.6572,1.7520,0.2765,0.4214
Gecko,Structured,2,16,0.330400,0.481114,3.4628,1.5684,0.1455,0.2022
Gecko,Structured,2,17,0.383894,0.414073,3.6332,1.4264,0.0082,0.0034
Gecko,Structured,2,18,0.411329,0.386455,4.6939,1.7718,0.2679,0.3029
Gecko,Structured,2,19,0.378629,0.419830,3.6848,1.5751,0.2082,0.2578
Gecko,Structured,2,20,0.447010,0.355607,4.3967,1.4599,0.1523,0.1649
Gecko,Structured,2,21,0.397808,0.399590,4.5639,1.6535,0.2297,0.3012
Gecko,Structured,2,22,0.382973,0.415069,2.9292,1.2050,0.2788,0.4407
Gecko,Structured,2,23,0.399186,0.398210,4.4054,1.5992,0.2701,0.3707
Gecko,Structured,2,24,0.412594,0.385270,5.1733,1.8150,0.2638,0.3862
Gecko,Structured,2,25,0.334590,0.475089,3.4111,1.5089,0.0633,0.0761
Gecko,Structured,2,26,0.367103,0.433012,3.6021,1.4946,0.2027,0.2011
Gecko,Structured,2,27,0.367416,0.432643,3.5164,1.4197,0.0049,0.0017
Gecko,Structured,2,28,0.365375,0.435060,2.9020,1.2038,0.1815,0.3243
Gecko,Structured,2,29,0.349787,0.454448,2.8120,1.2493,0.2325,0.3021
Gecko,Structured,2,30,0.383458,0.414543,3.0349,1.2876,0.1467,0.2060
Gecko,Structured,3,1,0.413276,0.384634,2.9450,0.9527,0.1160,0.1018
Gecko,Structured,3,2,0.382780,0.415278,3.4853,1.3015,0.0517,0.0667
Gecko,Structured,3,3,0.415132,0.382915,3.7050,1.2995,0.0024,0.0045
Gecko,Structured,3,4,0.345853,0.459617,3.0535,1.4196,0.3235,0.4468
Gecko,Structured,3,5,0.379523,0.418841,3.4544,1.4253,0.0032,0.0023
Gecko,Structured,3,6,0.330871,0.480429,2.9710,1.4299,0.0101,0.0127
Gecko,Structured,3,7,0.315583,0.503703,4.0328,1.9406,0.0057,0.0134
Gecko,Structured,3,8,0.445224,0.357034,4.4718,1.4826,0.2698,0.4060
Gecko,Structured,3,9,0.333846,0.476148,3.2976,1.5262,0.0589,0.0992
Gecko,Structured,3,10,0.352989,0.450327,3.9542,1.6183,0.0017,0.0027
Gecko,Structured,3,11,0.333526,0.476604,2.8308,1.2798,0.0964,0.1558
Gecko,Structured,3,12,0.332684,0.477812,4.0539,1.7654,0.0235,0.1179
Gecko,Structured,3,13,0.414845,0.383180,3.7944,1.3621,0.0030,0.0017
Gecko,Structured,3,14,0.416957,0.381238,3.5137,1.2591,0.0702,0.0890
Gecko,Structured,3,15,0.380723,0.417521,4.6538,1.7743,0.2462,0.3576
Gecko,Structured,3,16,0.413785,0.384161,4.7940,1.7520,0.2788,0.4210
Gecko,Structured,3,17,0.414558,0.383445,4.5714,1.6537,0.2445,0.3286
Gecko,Structured,3,18,0.380497,0.417769,4.7441,1.7530,0.2487,0.4112
Gecko,Structured,3,19,0.426575,0.372642,4.2317,1.4206,0.1480,0.1250
Gecko,Structured,3,20,0.446110,0.356325,4.1860,1.4041,0.1371,0.1553
Gecko,Structured,3,21,0.413512,0.384414,4.3805,1.6448,0.2682,0.3550
Gecko,Structured,3,22,0.414039,0.383925,5.2061,1.7994,0.2721,0.3992
Gecko,Structured,3,23,0.416711,0.381464,3.3146,1.3222,0.0022,0.0027
Gecko,Structured,3,24,0.374114,0.424897,3.6363,1.4986,0.0069,0.0221
Gecko,Structured,3,25,0.412588,0.385276,4.5731,1.6105,0.2661,0.3651
Gecko,Structured,3,26,0.414411,0.383581,4.8285,1.6082,0.2530,0.3700
Gecko,Structured,3,27,0.413195,0.384710,4.6383,1.5920,0.2661,0.3691
Gecko,Structured,3,28,0.381194,0.417006,4.4198,1.7530,0.2327,0.3172
Gecko,Structured,3,29,0.338326,0.469844,2.8458,1.3399,0.0773,0.1847
Gecko,Structured,3,30,0.413767,0.384178,4.5108,1.7708,0.2642,0.4134
