robot,variant,coupling,seed,distance,drag_pct,em
babya,base,blf,1,11.4091,9.9333,0.8601
babya,base,blf,2,11.9630,18.1667,0.8603
babya,base,blf,3,11.4108,4.5167,0.8548
babya,base,blf,4,15.2338,16.9500,0.8355
babya,base,blf,5,13.4229,17.7667,0.8835
babya,base,blf,6,14.7601,19.3700,0.8709
babya,base,blf,7,8.3315,2.7033,0.8748
babya,base,blf,8,11.3761,6.1267,0.9060
babya,base,blf,9,17.4412,18.5033,0.9059
babya,base,blf,10,11.8112,12.5367,0.8573
babya,base,blf,11,11.7005,21.1533,0.8974
babya,base,blf,12,11.6202,33.4500,0.8122
babya,base,blf,13,11.8349,17.6000,0.9027
babya,base,blf,14,8.1867,28.0967,0.8371
babya,base,blf,15,14.5873,52.7033,0.8466
babya,base,blf,16,11.9907,23.6267,0.9441
babya,base,blf,17,12.3752,6.9567,0.8088
babya,base,blf,18,11.4680,8.1667,0.8804
babya,base,blf,19,13.2021,8.5500,0.8543
babya,base,blf,20,11.1356,9.9900,0.8834
babya,base,blf,21,11.7856,7.2967,0.9118
babya,base,blf,22,11.7594,20.4233,0.9600
babya,base,blf,23,15.7485,4.8800,0.9384
babya,base,blf,24,11.6389,20.4133,0.9484
babya,base,blf,25,8.5826,3.3300,0.8749
babya,base,blf,26,9.7692,17.8267,0.9197
babya,base,blf,27,11.2134,26.4733,0.8184
babya,base,blf,28,10.7370,8.4500,0.8949
babya,base,blf,29,11.1316,20.4700,0.8804
babya,base,blf,30,10.8703,3.6933,0.8386
babya,base,blf,31,10.3465,5.3233,0.8697
babya,base,blf,32,11.8960,17.3333,0.9343
babya,base,blf,33,10.7051,10.2067,0.8605
babya,base,blf,34,11.5135,17.4000,0.9239
babya,base,blf,35,15.6854,30.4000,0.8901
babya,phi,uncoupled,1,12.8556,18.0700,0.8636
babya,phi,uncoupled,2,12.2586,22.7433,0.8273
babya,phi,uncoupled,3,8.1746,19.2167,0.8934
babya,phi,uncoupled,4,10.7573,0.3267,0.8836
babya,phi,uncoupled,5,18.8316,37.6367,0.8416
babya,phi,uncoupled,6,13.1331,29.4000,0.8506
babya,phi,uncoupled,7,16.3927,27.4933,0.8946
babya,phi,uncoupled,8,11.6274,20.0367,0.8544
babya,phi,uncoupled,9,11.3918,8.0267,0.8911
babya,phi,uncoupled,10,17.1593,56.2033,0.9067
babya,phi,uncoupled,11,11.8610,17.1533,0.9087
babya,phi,uncoupled,12,11.7811,12.4667,0.8704
babya,phi,uncoupled,13,8.1456,52.3533,0.9083
babya,phi,uncoupled,14,10.1964,3.5800,0.8818
babya,phi,uncoupled,15,11.7697,13.8133,0.9340
babya,phi,uncoupled,16,13.7717,21.4367,0.9352
babya,phi,uncoupled,17,13.9177,2.4267,0.8982
babya,phi,uncoupled,18,13.1265,20.8200,0.8215
babya,phi,uncoupled,19,11.1784,2.8100,0.8938
babya,phi,uncoupled,20,9.3917,28.8233,0.8597
babya,phi,uncoupled,21,17.2647,5.3167,0.8832
babya,phi,uncoupled,22,18.6576,20.6467,0.9333
babya,phi,uncoupled,23,12.0471,28.5433,0.8427
babya,phi,uncoupled,24,18.6826,22.8767,0.9142
babya,phi,uncoupled,25,18.8115,9.6100,0.8947
babya,phi,uncoupled,26,11.7844,23.0800,0.9215
babya,phi,uncoupled,27,17.1608,17.1900,0.9192
babya,phi,uncoupled,28,12.7671,9.9300,0.8934
babya,phi,uncoupled,29,11.5058,18.9700,0.9306
babya,phi,uncoupled,30,8.7652,28.0300,0.8344
babya,phi,uncoupled,31,13.9314,4.6733,0.9151
babya,phi,uncoupled,32,16.2146,32.6133,0.8908
babya,phi,uncoupled,33,12.1812,22.0000,0.9025
babya,phi,uncoupled,34,12.3895,28.2367,0.8896
babya,phi,uncoupled,35,12.6678,15.9833,0.8562
ege,base,blf,1,8.4542,17.1133,0.8862
ege,base,blf,2,7.2738,17.6733,0.7064
ege,base,blf,3,8.2404,45.7800,0.9025
ege,base,blf,4,7.4787,56.4733,0.6790
ege,base,blf,5,7.2799,56.0500,0.7814
ege,base,blf,6,7.8465,4.3133,0.8500
ege,base,blf,7,8.4714,69.4100,0.8482
ege,base,blf,8,6.9596,12.5233,0.8401
ege,base,blf,9,8.3871,60.5867,0.9097
ege,base,blf,10,6.6123,45.6767,0.7735
ege,base,blf,11,7.8249,47.6100,0.7132
ege,base,blf,12,7.0647,33.7000,0.8154
ege,base,blf,13,8.3029,45.8633,0.9021
ege,base,blf,14,7.3902,38.7733,0.7573
ege,base,blf,15,7.9670,53.5967,0.8775
ege,base,blf,16,8.2187,53.8133,0.8379
ege,base,blf,17,6.5602,62.7400,0.9801
ege,base,blf,18,8.4660,64.7800,0.8350
ege,base,blf,19,8.4032,32.5633,0.8879
ege,base,blf,20,8.2994,33.0667,0.7670
ege,base,blf,21,6.9734,25.5433,0.8844
ege,base,blf,22,7.7190,65.2000,0.9065
ege,base,blf,23,7.9285,57.2500,0.8392
ege,base,blf,24,7.6897,80.0500,0.8730
ege,base,blf,25,7.1087,56.9733,0.9648
ege,base,blf,26,6.6970,58.4333,0.9728
ege,base,blf,27,7.7416,55.9667,0.9198
ege,base,blf,28,9.2654,59.8367,0.7827
ege,base,blf,29,7.4656,55.4300,0.9399
ege,base,blf,30,6.3826,27.0633,0.7929
ege,base,blf,31,7.1670,22.6567,0.8283
ege,base,blf,32,8.0102,52.6333,0.8421
ege,base,blf,33,8.5235,54.6700,0.9036
ege,base,blf,34,7.6081,78.2100,0.9220
ege,base,blf,35,6.9218,76.9033,0.9239
ege,phi,uncoupled,1,7.6483,23.8533,0.8543
ege,phi,uncoupled,2,8.5712,40.1767,0.8569
ege,phi,uncoupled,3,7.6241,59.4500,0.7767
ege,phi,uncoupled,4,6.9468,33.6633,0.7713
ege,phi,uncoupled,5,7.9123,35.4467,0.8664
ege,phi,uncoupled,6,6.5610,65.6900,0.8557
ege,phi,uncoupled,7,8.7574,40.7867,0.9234
ege,phi,uncoupled,8,7.6261,33.2967,0.7996
ege,phi,uncoupled,9,9.1192,60.2433,0.8806
ege,phi,uncoupled,10,7.1430,40.3800,0.7739
ege,phi,uncoupled,11,9.1714,59.1700,0.8950
ege,phi,uncoupled,12,8.3927,60.7067,0.8971
ege,phi,uncoupled,13,6.8015,35.0633,0.8157
ege,phi,uncoupled,14,6.6903,43.3700,0.7909
ege,phi,uncoupled,15,8.7937,50.0967,0.7800
ege,phi,uncoupled,16,8.2755,19.4967,0.8797
ege,phi,uncoupled,17,6.2714,74.9267,0.8866
ege,phi,uncoupled,18,8.7808,48.2633,0.8105
ege,phi,uncoupled,19,8.1821,65.5300,0.9442
ege,phi,uncoupled,20,8.1021,55.2000,0.9676
ege,phi,uncoupled,21,7.2375,57.7700,0.9606
ege,phi,uncoupled,22,6.4712,42.1300,0.7270
ege,phi,uncoupled,23,6.8811,72.6867,0.9029
ege,phi,uncoupled,24,7.9851,73.7633,0.8087
ege,phi,uncoupled,25,9.1169,57.3800,0.7937
ege,phi,uncoupled,26,7.0761,40.6800,0.6944
ege,phi,uncoupled,27,8.0802,55.7733,0.9718
ege,phi,uncoupled,28,9.2265,54.8167,0.8570
ege,phi,uncoupled,29,7.1990,45.1800,0.7534
ege,phi,uncoupled,30,7.7630,54.0467,0.9670
ege,phi,uncoupled,31,10.5875,44.8033,0.7853
ege,phi,uncoupled,32,9.7803,53.5733,0.7776
ege,phi,uncoupled,33,7.3635,62.8267,0.9801
ege,phi,uncoupled,34,7.4475,50.8567,0.7567
ege,phi,uncoupled,35,9.3352,17.3867,0.7296
gecko,base,blf,1,13.4754,3.3567,0.8820
gecko,base,blf,2,9.2418,13.3300,0.8704
gecko,base,blf,3,12.6622,8.6967,0.8997
gecko,base,blf,4,9.0451,11.6600,0.8685
gecko,base,blf,5,9.4095,3.1067,0.9085
gecko,base,blf,6,12.3229,9.5767,0.9189
gecko,base,blf,7,9.0475,3.3433,0.8236
gecko,base,blf,8,12.6541,4.9367,0.8978
gecko,base,blf,9,13.4736,10.0400,0.9528
gecko,base,blf,10,8.1326,4.3733,0.9526
gecko,base,blf,11,6.8561,0.1767,0.8817
gecko,base,blf,12,13.0625,2.0067,0.8753
gecko,base,blf,13,9.5416,3.3067,0.9041
gecko,base,blf,14,13.5484,3.1967,0.8721
gecko,base,blf,15,12.8020,13.5533,0.9226
gecko,base,blf,16,12.4133,6.8000,0.9131
gecko,base,blf,17,13.2852,9.3800,0.9068
gecko,base,blf,18,11.5866,3.9067,0.8716
gecko,base,blf,19,12.7961,4.4200,0.8920
gecko,base,blf,20,6.5801,3.2300,0.8455
gecko,base,blf,21,9.2199,5.1633,0.8527
gecko,base,blf,22,8.8315,12.0333,0.8521
gecko,base,blf,23,9.1717,12.7600,0.8611
gecko,base,blf,24,13.4110,11.8133,0.8998
gecko,base,blf,25,12.7038,9.6467,0.8750
gecko,base,blf,26,9.1638,11.1600,0.8873
gecko,base,blf,27,13.3293,6.6067,0.8785
gecko,base,blf,28,12.8357,11.7033,0.8418
gecko,base,blf,29,9.5416,12.4267,0.8754
gecko,base,blf,30,12.4159,2.1433,0.9146
gecko,base,blf,31,13.7046,9.8700,0.8980
gecko,base,blf,32,13.2405,2.9200,0.8964
gecko,base,blf,33,8.7395,3.6033,0.9113
gecko,base,blf,34,8.7886,8.1367,0.9430
gecko,base,blf,35,13.3479,11.7933,0.8837
gecko,phi,uncoupled,1,12.5608,7.2800,0.8929
gecko,phi,uncoupled,2,12.4025,20.8233,0.9235
gecko,phi,uncoupled,3,9.1197,8.2033,0.8637
gecko,phi,uncoupled,4,13.5928,4.2667,0.8509
gecko,phi,uncoupled,5,13.8772,12.2367,0.9266
gecko,phi,uncoupled,6,13.7731,21.1700,0.9062
gecko,phi,uncoupled,7,13.4507,6.5633,0.8781
gecko,phi,uncoupled,8,13.0789,4.0900,0.9141
gecko,phi,uncoupled,9,13.6617,4.4133,0.8776
gecko,phi,uncoupled,10,13.6390,4.4233,0.8629
gecko,phi,uncoupled,11,15.6925,21.0933,0.9370
gecko,phi,uncoupled,12,13.1304,4.2867,0.8936
gecko,phi,uncoupled,13,13.5721,7.8267,0.8769
gecko,phi,uncoupled,14,8.0400,5.5133,0.9160
gecko,phi,uncoupled,15,8.8691,8.2333,0.8289
gecko,phi,uncoupled,16,13.1228,2.5500,0.8603
gecko,phi,uncoupled,17,13.6118,8.4233,0.8953
gecko,phi,uncoupled,18,13.6676,5.9033,0.9012
gecko,phi,uncoupled,19,13.3530,2.8967,0.8881
gecko,phi,uncoupled,20,6.7680,5.9200,0.8811
gecko,phi,uncoupled,21,13.2317,6.2667,0.8832
gecko,phi,uncoupled,22,13.2321,20.5900,0.9033
gecko,phi,uncoupled,23,13.4498,17.2300,0.9207
gecko,phi,uncoupled,24,8.9346,33.3500,0.8912
gecko,phi,uncoupled,25,12.5811,13.3500,0.9011
gecko,phi,uncoupled,26,13.9308,10.8700,0.8724
gecko,phi,uncoupled,27,13.3835,24.1433,0.9051
gecko,phi,uncoupled,28,7.6296,15.8400,0.9287
gecko,phi,uncoupled,29,13.7894,2.3567,0.8628
gecko,phi,uncoupled,30,13.4282,6.3000,0.9348
gecko,phi,uncoupled,31,13.9374,1.9000,0.8910
gecko,phi,uncoupled,32,6.9599,7.8700,0.8772
gecko,phi,uncoupled,33,9.2300,14.0767,0.9274
gecko,phi,uncoupled,34,8.2344,2.3133,0.9168
gecko,phi,uncoupled,35,8.6576,6.7333,0.8944
insect,base,blf,1,8.1618,64.3900,0.9147
insect,base,blf,2,8.2352,61.9567,0.9152
insect,base,blf,3,8.5370,69.1700,0.8696
insect,base,blf,4,7.2651,97.0367,0.8161
insect,base,blf,5,7.2136,71.3033,0.8358
insect,base,blf,6,6.2593,89.1967,0.8017
insect,base,blf,7,6.7603,75.5300,0.8646
insect,base,blf,8,8.3684,77.3700,0.8647
insect,base,blf,9,7.1007,79.6933,0.8365
insect,base,blf,10,8.3253,67.3300,0.8761
insect,base,blf,11,8.3282,68.8267,0.8960
insect,base,blf,12,8.0724,70.7667,0.8852
insect,base,blf,13,8.2228,73.3300,0.8858
insect,base,blf,14,6.6236,92.9633,0.8418
insect,base,blf,15,6.4937,94.5633,0.8280
insect,base,blf,16,6.7802,93.5533,0.8435
insect,base,blf,17,8.0778,73.5433,0.9182
insect,base,blf,18,7.1030,92.4467,0.8371
insect,base,blf,19,6.9142,67.9500,0.8281
insect,base,blf,20,6.7995,93.1567,0.8116
insect,base,blf,21,6.5261,95.3767,0.8212
insect,base,blf,22,7.7338,64.7300,0.8556
insect,base,blf,23,8.0356,74.2867,0.8582
insect,base,blf,24,7.1964,71.4633,0.8331
insect,base,blf,25,8.1330,76.1533,0.9106
insect,base,blf,26,6.4697,97.4933,0.8402
insect,base,blf,27,6.6595,89.7933,0.8197
insect,base,blf,28,7.6597,96.2233,0.9252
insect,base,blf,29,7.3092,95.9200,0.9035
insect,base,blf,30,7.6853,95.8600,0.8986
insect,base,blf,31,7.3915,66.1533,0.8596
insect,base,blf,32,7.3243,97.1100,0.8235
insect,base,blf,33,7.8204,82.7267,0.8818
insect,base,blf,34,8.3071,69.3933,0.8752
insect,base,blf,35,8.1757,75.7567,0.9065
insect,phi,uncoupled,1,8.4254,66.7233,0.9137
insect,phi,uncoupled,2,8.2970,71.1467,0.8507
insect,phi,uncoupled,3,8.7642,86.6967,0.8067
insect,phi,uncoupled,4,7.4544,76.5567,0.8544
insect,phi,uncoupled,5,6.8288,94.4933,0.8467
insect,phi,uncoupled,6,8.8236,57.2633,0.9115
insect,phi,uncoupled,7,8.0960,64.0433,0.8525
insect,phi,uncoupled,8,8.0279,95.1167,0.8430
insect,phi,uncoupled,9,7.1655,79.3267,0.8505
insect,phi,uncoupled,10,7.3992,66.6167,0.8118
insect,phi,uncoupled,11,6.6825,93.1533,0.8713
insect,phi,uncoupled,12,9.0293,84.9867,0.8754
insect,phi,uncoupled,13,8.7422,68.5433,0.9104
insect,phi,uncoupled,14,8.4673,63.1200,0.8524
insect,phi,uncoupled,15,8.6630,70.1267,0.9135
insect,phi,uncoupled,16,7.2114,71.4300,0.8190
insect,phi,uncoupled,17,8.2902,59.4000,0.8905
insect,phi,uncoupled,18,6.6310,97.1667,0.8253
insect,phi,uncoupled,19,7.6798,64.2700,0.8508
insect,phi,uncoupled,20,7.6338,75.8933,0.7842
insect,phi,uncoupled,21,6.5261,96.2633,0.8398
insect,phi,uncoupled,22,7.4949,95.6700,0.8997
insect,phi,uncoupled,23,8.5634,61.9933,0.8569
insect,phi,uncoupled,24,8.3519,68.0933,0.8961
insect,phi,uncoupled,25,7.1348,77.5033,0.8562
insect,phi,uncoupled,26,8.2829,67.4333,0.8474
insect,phi,uncoupled,27,6.7326,93.6300,0.8469
insect,phi,uncoupled,28,8.2234,58.3767,0.8780
insect,phi,uncoupled,29,8.3358,67.6067,0.8796
insect,phi,uncoupled,30,8.3919,62.9067,0.8940
insect,phi,uncoupled,31,8.7320,65.1967,0.8988
insect,phi,uncoupled,32,8.2077,63.0700,0.9100
insect,phi,uncoupled,33,8.3529,64.8267,0.8373
insect,phi,uncoupled,34,8.7013,58.4333,0.8810
insect,phi,uncoupled,35,8.3482,67.4133,0.8252
queen,base,blf,1,7.4391,71.5400,0.8384
queen,base,blf,2,5.7503,42.7133,0.7256
queen,base,blf,3,5.9619,69.1100,0.6918
queen,base,blf,4,10.9726,47.8100,0.8319
queen,base,blf,5,11.3251,39.3733,0.8844
queen,base,blf,6,10.5195,46.7067,0.8610
queen,base,blf,7,6.0840,47.1633,0.6715
queen,base,blf,8,7.5890,60.8800,0.6690
queen,base,blf,9,7.1837,57.9100,0.6799
queen,base,blf,10,10.2052,66.2533,0.9216
queen,base,blf,11,6.7572,72.5267,0.7328
queen,base,blf,12,9.6074,61.7800,0.8916
queen,base,blf,13,9.9758,51.2500,0.8679
queen,base,blf,14,10.5637,58.1533,0.8660
queen,base,blf,15,6.2476,51.4067,0.8179
queen,base,blf,16,11.2682,34.9500,0.8497
queen,base,blf,17,10.6221,35.2667,0.8845
queen,base,blf,18,7.3480,64.9700,0.8137
queen,base,blf,19,6.0080,48.0567,0.7231
queen,base,blf,20,10.5730,49.6533,0.8624
queen,base,blf,21,6.9485,43.1333,0.6454
queen,base,blf,22,9.7394,52.1667,0.8951
queen,base,blf,23,7.6176,45.1733,0.7359
queen,base,blf,24,10.0157,72.3200,0.9193
queen,base,blf,25,11.1742,38.2800,0.8715
queen,base,blf,26,6.6277,42.4500,0.7413
queen,base,blf,27,11.3401,35.5100,0.8624
queen,base,blf,28,7.7020,51.1367,0.8114
queen,base,blf,29,7.2626,66.1867,0.8349
queen,base,blf,30,10.4673,52.3133,0.8379
queen,base,blf,31,11.2883,34.8167,0.8447
queen,base,blf,32,5.7959,58.6933,0.7608
queen,base,blf,33,11.1375,50.8633,0.8754
queen,base,blf,34,10.3652,50.4867,0.8543
queen,base,blf,35,6.7024,9.8667,0.6758
queen,phi,uncoupled,1,9.7420,49.1000,0.9208
queen,phi,uncoupled,2,5.9100,55.4100,0.7987
queen,phi,uncoupled,3,11.4059,49.4167,0.8873
queen,phi,uncoupled,4,10.6907,41.5800,0.8241
queen,phi,uncoupled,5,12.0415,40.7833,0.8627
queen,phi,uncoupled,6,11.0163,53.2567,0.8816
queen,phi,uncoupled,7,12.7997,41.2867,0.8959
queen,phi,uncoupled,8,11.6100,33.2400,0.8698
queen,phi,uncoupled,9,8.2587,26.3167,0.8083
queen,phi,uncoupled,10,7.4099,56.8167,0.7990
queen,phi,uncoupled,11,13.5304,33.7233,0.8839
queen,phi,uncoupled,12,9.0055,29.7667,0.7182
queen,phi,uncoupled,13,5.8862,54.6000,0.6634
queen,phi,uncoupled,14,10.9770,36.6333,0.8871
queen,phi,uncoupled,15,10.5966,42.5700,0.8533
queen,phi,uncoupled,16,7.9965,52.3500,0.6995
queen,phi,uncoupled,17,7.6952,60.8333,0.7051
queen,phi,uncoupled,18,9.8300,53.8167,0.9109
queen,phi,uncoupled,19,6.0000,48.9033,0.8702
queen,phi,uncoupled,20,9.5159,24.5800,0.8509
queen,phi,uncoupled,21,10.3138,75.0967,0.9128
queen,phi,uncoupled,22,6.6359,32.6433,0.6812
queen,phi,uncoupled,23,4.9626,62.4500,0.7436
queen,phi,uncoupled,24,5.2066,49.8300,0.8127
queen,phi,uncoupled,25,11.8281,45.4100,0.8916
queen,phi,uncoupled,26,11.6745,30.9833,0.8686
queen,phi,uncoupled,27,5.6307,65.9867,0.6292
queen,phi,uncoupled,28,5.2294,43.1500,0.7853
queen,phi,uncoupled,29,12.5158,35.5467,0.8569
queen,phi,uncoupled,30,11.3330,35.9167,0.8716
queen,phi,uncoupled,31,8.9934,53.5933,0.8187
queen,phi,uncoupled,32,8.0041,56.9800,0.7437
queen,phi,uncoupled,33,9.9480,60.6100,0.9513
queen,phi,uncoupled,34,11.3193,43.8433,0.8808
queen,phi,uncoupled,35,11.9394,25.7000,0.8965
spider,base,blf,1,8.6269,11.9333,0.7104
spider,base,blf,2,8.5604,17.5667,0.7928
spider,base,blf,3,8.2705,29.5033,0.8196
spider,base,blf,4,8.5701,10.5000,0.7474
spider,base,blf,5,8.9066,28.7933,0.7821
spider,base,blf,6,9.0237,9.4633,0.8100
spider,base,blf,7,8.9526,8.4967,0.7931
spider,base,blf,8,8.0742,54.3133,0.7394
spider,base,blf,9,8.6054,0.4500,0.7116
spider,base,blf,10,9.0152,5.7500,0.8058
spider,base,blf,11,8.2582,13.4700,0.7777
spider,base,blf,12,8.9846,5.4300,0.8736
spider,base,blf,13,7.6262,1.7400,0.7959
spider,base,blf,14,8.7573,4.6767,0.7305
spider,base,blf,15,7.5187,40.3300,0.8085
spider,base,blf,16,7.8064,2.2700,0.7795
spider,base,blf,17,8.6043,3.2833,0.8115
spider,base,blf,18,8.8014,34.1067,0.8171
spider,base,blf,19,8.8266,3.3333,0.7800
spider,base,blf,20,8.7439,13.1200,0.7797
spider,base,blf,21,7.7385,49.7033,0.8215
spider,base,blf,22,8.7294,8.3467,0.7122
spider,base,blf,23,8.7990,2.9033,0.7494
spider,base,blf,24,8.3526,41.0367,0.8460
spider,base,blf,25,8.6334,5.3633,0.7818
spider,base,blf,26,8.7234,1.6067,0.7021
spider,base,blf,27,8.5640,6.5800,0.7788
spider,base,blf,28,8.8863,0.1700,0.7816
spider,base,blf,29,8.8684,3.8167,0.8078
spider,base,blf,30,7.1474,27.8433,0.8640
spider,base,blf,31,9.3520,27.3333,0.8595
spider,base,blf,32,8.1720,35.3000,0.8900
spider,base,blf,33,8.6774,8.0700,0.7861
spider,base,blf,34,8.2185,29.4933,0.7899
spider,base,blf,35,8.6045,0.6367,0.7251
spider,phi,uncoupled,1,8.5600,32.6233,0.7848
spider,phi,uncoupled,2,8.9059,6.4500,0.8078
spider,phi,uncoupled,3,9.2019,1.9267,0.8138
spider,phi,uncoupled,4,8.6715,19.5100,0.7886
spider,phi,uncoupled,5,8.9740,22.1467,0.8005
spider,phi,uncoupled,6,9.0840,19.3033,0.8222
spider,phi,uncoupled,7,9.4584,2.8233,0.7712
spider,phi,uncoupled,8,9.9520,24.0900,0.8577
spider,phi,uncoupled,9,7.6666,57.3400,0.8596
spider,phi,uncoupled,10,9.0792,9.1667,0.7651
spider,phi,uncoupled,11,8.7164,2.5033,0.8148
spider,phi,uncoupled,12,7.9465,42.1967,0.8251
spider,phi,uncoupled,13,9.0248,38.2433,0.7753
spider,phi,uncoupled,14,9.0632,13.0967,0.8042
spider,phi,uncoupled,15,9.1059,1.7667,0.8055
spider,phi,uncoupled,16,8.9287,22.1367,0.8048
spider,phi,uncoupled,17,7.3203,2.4267,0.8740
spider,phi,uncoupled,18,9.5439,3.4300,0.7831
spider,phi,uncoupled,19,9.3804,3.3800,0.7836
spider,phi,uncoupled,20,8.7280,22.7100,0.8236
spider,phi,uncoupled,21,8.8136,0.4033,0.8106
spider,phi,uncoupled,22,8.9381,4.5267,0.7796
spider,phi,uncoupled,23,8.9530,26.9700,0.8121
spider,phi,uncoupled,24,9.2712,0.8300,0.8028
spider,phi,uncoupled,25,8.6810,23.7200,0.7719
spider,phi,uncoupled,26,8.4096,6.8733,0.7716
spider,phi,uncoupled,27,8.3702,16.3100,0.7889
spider,phi,uncoupled,28,9.0763,24.9700,0.8235
spider,phi,uncoupled,29,8.8194,34.0700,0.7942
spider,phi,uncoupled,30,9.3678,5.1067,0.8277
spider,phi,uncoupled,31,9.0315,37.2433,0.7746
spider,phi,uncoupled,32,9.0673,8.2167,0.8009
spider,phi,uncoupled,33,8.9788,7.6067,0.8325
spider,phi,uncoupled,34,8.3794,43.8267,0.8568
spider,phi,uncoupled,35,9.0995,4.8767,0.6932
